id,name,univariate,equal_length,series_length,has_missing,train_normal_count,train_anomaly_count,train_total_count,test_normal_count,test_anomaly_count,test_total_count,total_normal_count,total_anomaly_count,total_count
1,ACSF1_normal_0,1,1,1460,0,16,0,16,49,1,50,65,1,66
2,ACSF1_normal_1,1,1,1460,0,16,0,16,49,1,50,65,1,66
3,ACSF1_normal_2,1,1,1460,0,16,0,16,49,1,50,65,1,66
4,ACSF1_normal_3,1,1,1460,0,16,0,16,49,1,50,65,1,66
5,ACSF1_normal_4,1,1,1460,0,16,0,16,49,1,50,65,1,66
6,ACSF1_normal_5,1,1,1460,0,16,0,16,49,1,50,65,1,66
7,ACSF1_normal_6,1,1,1460,0,16,0,16,49,1,50,65,1,66
8,ACSF1_normal_7,1,1,1460,0,16,0,16,49,1,50,65,1,66
9,ACSF1_normal_8,1,1,1460,0,16,0,16,49,1,50,65,1,66
10,ACSF1_normal_9,1,1,1460,0,16,0,16,49,1,50,65,1,66
11,Adiac_normal_1,1,1,176,0,16,0,16,49,1,50,65,1,66
12,Adiac_normal_10,1,1,176,0,16,0,16,49,1,50,65,1,66
13,Adiac_normal_11,1,1,176,0,16,0,16,49,1,50,65,1,66
14,Adiac_normal_12,1,1,176,0,20,0,20,49,1,50,69,1,70
15,Adiac_normal_13,1,1,176,0,16,0,16,49,1,50,65,1,66
16,Adiac_normal_14,1,1,176,0,16,0,16,49,1,50,65,1,66
17,Adiac_normal_15,1,1,176,0,16,0,16,49,1,50,65,1,66
18,Adiac_normal_16,1,1,176,0,16,0,16,49,1,50,65,1,66
19,Adiac_normal_17,1,1,176,0,16,0,16,49,1,50,65,1,66
20,Adiac_normal_18,1,1,176,0,17,0,17,49,1,50,66,1,67
21,Adiac_normal_19,1,1,176,0,20,0,20,49,1,50,69,1,70
22,Adiac_normal_2,1,1,176,0,18,0,18,49,1,50,67,1,68
23,Adiac_normal_20,1,1,176,0,16,0,16,49,1,50,65,1,66
24,Adiac_normal_21,1,1,176,0,16,0,16,49,1,50,65,1,66
25,Adiac_normal_22,1,1,176,0,16,0,16,49,1,50,65,1,66
26,Adiac_normal_23,1,1,176,0,16,0,16,49,1,50,65,1,66
27,Adiac_normal_24,1,1,176,0,18,0,18,49,1,50,67,1,68
28,Adiac_normal_25,1,1,176,0,23,0,23,49,1,50,72,1,73
29,Adiac_normal_26,1,1,176,0,16,0,16,49,1,50,65,1,66
30,Adiac_normal_27,1,1,176,0,16,0,16,49,1,50,65,1,66
31,Adiac_normal_28,1,1,176,0,16,0,16,49,1,50,65,1,66
32,Adiac_normal_29,1,1,176,0,16,0,16,49,1,50,65,1,66
33,Adiac_normal_3,1,1,176,0,16,0,16,49,1,50,65,1,66
34,Adiac_normal_30,1,1,176,0,16,0,16,49,1,50,65,1,66
35,Adiac_normal_31,1,1,176,0,16,0,16,49,1,50,65,1,66
36,Adiac_normal_32,1,1,176,0,16,0,16,49,1,50,65,1,66
37,Adiac_normal_33,1,1,176,0,16,0,16,49,1,50,65,1,66
38,Adiac_normal_34,1,1,176,0,16,0,16,49,1,50,65,1,66
39,Adiac_normal_35,1,1,176,0,16,0,16,49,1,50,65,1,66
40,Adiac_normal_36,1,1,176,0,20,0,20,49,1,50,69,1,70
41,Adiac_normal_37,1,1,176,0,16,0,16,49,1,50,65,1,66
42,Adiac_normal_4,1,1,176,0,16,0,16,49,1,50,65,1,66
43,Adiac_normal_5,1,1,176,0,16,0,16,49,1,50,65,1,66
44,Adiac_normal_6,1,1,176,0,16,0,16,49,1,50,65,1,66
45,Adiac_normal_7,1,1,176,0,16,0,16,49,1,50,65,1,66
46,Adiac_normal_8,1,1,176,0,20,0,20,49,1,50,69,1,70
47,Adiac_normal_9,1,1,176,0,16,0,16,49,1,50,65,1,66
48,AllGestureWiimoteX_normal_1,1,1,200,0,80,0,80,98,2,100,178,2,180
49,AllGestureWiimoteX_normal_10,1,1,100,0,80,0,80,98,2,100,178,2,180
50,AllGestureWiimoteX_normal_2,1,1,202,0,80,0,80,98,2,100,178,2,180
51,AllGestureWiimoteX_normal_3,1,1,72,0,80,0,80,98,2,100,178,2,180
52,AllGestureWiimoteX_normal_4,1,1,138,0,80,0,80,98,2,100,178,2,180
53,AllGestureWiimoteX_normal_5,1,1,49,0,80,0,80,98,2,100,178,2,180
54,AllGestureWiimoteX_normal_6,1,1,140,0,80,0,80,98,2,100,178,2,180
55,AllGestureWiimoteX_normal_7,1,1,172,0,80,0,80,98,2,100,178,2,180
56,AllGestureWiimoteX_normal_8,1,1,135,0,80,0,80,98,2,100,178,2,180
57,AllGestureWiimoteX_normal_9,1,1,70,0,80,0,80,98,2,100,178,2,180
58,AllGestureWiimoteY_normal_1,1,1,63,0,80,0,80,98,2,100,178,2,180
59,AllGestureWiimoteY_normal_10,1,1,77,0,80,0,80,98,2,100,178,2,180
60,AllGestureWiimoteY_normal_2,1,1,92,0,80,0,80,98,2,100,178,2,180
61,AllGestureWiimoteY_normal_3,1,1,106,0,80,0,80,98,2,100,178,2,180
62,AllGestureWiimoteY_normal_4,1,1,43,0,80,0,80,98,2,100,178,2,180
63,AllGestureWiimoteY_normal_5,1,1,63,0,80,0,80,98,2,100,178,2,180
64,AllGestureWiimoteY_normal_6,1,1,49,0,80,0,80,98,2,100,178,2,180
65,AllGestureWiimoteY_normal_7,1,1,75,0,80,0,80,98,2,100,178,2,180
66,AllGestureWiimoteY_normal_8,1,1,76,0,80,0,80,98,2,100,178,2,180
67,AllGestureWiimoteY_normal_9,1,1,142,0,80,0,80,98,2,100,178,2,180
68,AllGestureWiimoteZ_normal_1,1,1,91,0,80,0,80,98,2,100,178,2,180
69,AllGestureWiimoteZ_normal_10,1,1,188,0,80,0,80,98,2,100,178,2,180
70,AllGestureWiimoteZ_normal_2,1,1,54,0,80,0,80,98,2,100,178,2,180
71,AllGestureWiimoteZ_normal_3,1,1,39,0,80,0,80,98,2,100,178,2,180
72,AllGestureWiimoteZ_normal_4,1,1,164,0,80,0,80,98,2,100,178,2,180
73,AllGestureWiimoteZ_normal_5,1,1,161,0,80,0,80,98,2,100,178,2,180
74,AllGestureWiimoteZ_normal_6,1,1,114,0,80,0,80,98,2,100,178,2,180
75,AllGestureWiimoteZ_normal_7,1,1,123,0,80,0,80,98,2,100,178,2,180
76,AllGestureWiimoteZ_normal_8,1,1,97,0,80,0,80,98,2,100,178,2,180
77,AllGestureWiimoteZ_normal_9,1,1,95,0,80,0,80,98,2,100,178,2,180
78,ArrowHead_normal_0,1,1,251,0,64,0,64,49,1,50,113,1,114
79,ArrowHead_normal_1,1,1,251,0,52,0,52,49,1,50,101,1,102
80,ArrowHead_normal_2,1,1,251,0,52,0,52,49,1,50,101,1,102
81,BME_normal_1,1,1,128,0,48,0,48,49,1,50,97,1,98
82,BME_normal_2,1,1,128,0,48,0,48,49,1,50,97,1,98
83,BME_normal_3,1,1,128,0,48,0,48,49,1,50,97,1,98
84,Beef_normal_1,1,1,470,0,9,0,9,49,1,50,58,1,59
85,Beef_normal_2,1,1,470,0,9,0,9,49,1,50,58,1,59
86,Beef_normal_3,1,1,470,0,9,0,9,49,1,50,58,1,59
87,Beef_normal_4,1,1,470,0,9,0,9,49,1,50,58,1,59
88,Beef_normal_5,1,1,470,0,9,0,9,49,1,50,58,1,59
89,BeetleFly_normal_1,1,1,512,0,16,0,16,49,1,50,65,1,66
90,BeetleFly_normal_2,1,1,512,0,16,0,16,49,1,50,65,1,66
91,BirdChicken_normal_1,1,1,512,0,16,0,16,49,1,50,65,1,66
92,BirdChicken_normal_2,1,1,512,0,16,0,16,49,1,50,65,1,66
93,CBF_normal_1,1,1,128,0,248,0,248,294,6,300,542,6,548
94,CBF_normal_2,1,1,128,0,248,0,248,294,6,300,542,6,548
95,CBF_normal_3,1,1,128,0,248,0,248,294,6,300,542,6,548
96,Car_normal_1,1,1,577,0,24,0,24,49,1,50,73,1,74
97,Car_normal_2,1,1,577,0,24,0,24,49,1,50,73,1,74
98,Car_normal_3,1,1,577,0,24,0,24,49,1,50,73,1,74
99,Car_normal_4,1,1,577,0,24,0,24,49,1,50,73,1,74
100,Chinatown_normal_1,1,1,24,0,83,0,83,98,2,100,181,2,183
101,Chinatown_normal_2,1,1,24,0,207,0,207,245,5,250,452,5,457
102,ChlorineConcentration_normal_1,1,1,166,0,800,0,800,980,20,1000,1780,20,1800
103,ChlorineConcentration_normal_2,1,1,166,0,800,0,800,980,20,1000,1780,20,1800
104,ChlorineConcentration_normal_3,1,1,166,0,1845,0,1845,2303,47,2350,4148,47,4195
105,CinCECGTorso_normal_1,1,1,1639,0,284,0,284,343,7,350,627,7,634
106,CinCECGTorso_normal_2,1,1,1639,0,284,0,284,343,7,350,627,7,634
107,CinCECGTorso_normal_3,1,1,1639,0,284,0,284,343,7,350,627,7,634
108,CinCECGTorso_normal_4,1,1,1639,0,284,0,284,343,7,350,627,7,634
109,Coffee_normal_0,1,1,286,0,23,0,23,49,1,50,72,1,73
110,Coffee_normal_1,1,1,286,0,21,0,21,49,1,50,70,1,71
111,Computers_normal_1,1,1,720,0,200,0,200,245,5,250,445,5,450
112,Computers_normal_2,1,1,720,0,200,0,200,245,5,250,445,5,450
1119,CornellWhaleChallenge,1,1,4000,0,18378,0,18378,22932,468,23400,41310,468,41778
113,CricketX_normal_1,1,1,300,0,52,0,52,49,1,50,101,1,102
114,CricketX_normal_10,1,1,300,0,52,0,52,49,1,50,101,1,102
115,CricketX_normal_11,1,1,300,0,52,0,52,49,1,50,101,1,102
116,CricketX_normal_12,1,1,300,0,52,0,52,49,1,50,101,1,102
117,CricketX_normal_2,1,1,300,0,52,0,52,49,1,50,101,1,102
118,CricketX_normal_3,1,1,300,0,52,0,52,49,1,50,101,1,102
119,CricketX_normal_4,1,1,300,0,52,0,52,49,1,50,101,1,102
120,CricketX_normal_5,1,1,300,0,52,0,52,49,1,50,101,1,102
121,CricketX_normal_6,1,1,300,0,52,0,52,49,1,50,101,1,102
122,CricketX_normal_7,1,1,300,0,52,0,52,49,1,50,101,1,102
123,CricketX_normal_8,1,1,300,0,52,0,52,49,1,50,101,1,102
124,CricketX_normal_9,1,1,300,0,52,0,52,49,1,50,101,1,102
125,CricketY_normal_1,1,1,300,0,52,0,52,49,1,50,101,1,102
126,CricketY_normal_10,1,1,300,0,52,0,52,49,1,50,101,1,102
127,CricketY_normal_11,1,1,300,0,52,0,52,49,1,50,101,1,102
128,CricketY_normal_12,1,1,300,0,52,0,52,49,1,50,101,1,102
129,CricketY_normal_2,1,1,300,0,52,0,52,49,1,50,101,1,102
130,CricketY_normal_3,1,1,300,0,52,0,52,49,1,50,101,1,102
131,CricketY_normal_4,1,1,300,0,52,0,52,49,1,50,101,1,102
132,CricketY_normal_5,1,1,300,0,52,0,52,49,1,50,101,1,102
133,CricketY_normal_6,1,1,300,0,52,0,52,49,1,50,101,1,102
134,CricketY_normal_7,1,1,300,0,52,0,52,49,1,50,101,1,102
135,CricketY_normal_8,1,1,300,0,52,0,52,49,1,50,101,1,102
136,CricketY_normal_9,1,1,300,0,52,0,52,49,1,50,101,1,102
137,CricketZ_normal_1,1,1,300,0,52,0,52,49,1,50,101,1,102
138,CricketZ_normal_10,1,1,300,0,52,0,52,49,1,50,101,1,102
139,CricketZ_normal_11,1,1,300,0,52,0,52,49,1,50,101,1,102
140,CricketZ_normal_12,1,1,300,0,52,0,52,49,1,50,101,1,102
141,CricketZ_normal_2,1,1,300,0,52,0,52,49,1,50,101,1,102
142,CricketZ_normal_3,1,1,300,0,52,0,52,49,1,50,101,1,102
143,CricketZ_normal_4,1,1,300,0,52,0,52,49,1,50,101,1,102
144,CricketZ_normal_5,1,1,300,0,52,0,52,49,1,50,101,1,102
145,CricketZ_normal_6,1,1,300,0,52,0,52,49,1,50,101,1,102
146,CricketZ_normal_7,1,1,300,0,52,0,52,49,1,50,101,1,102
147,CricketZ_normal_8,1,1,300,0,52,0,52,49,1,50,101,1,102
148,CricketZ_normal_9,1,1,300,0,52,0,52,49,1,50,101,1,102
149,Crop_normal_1,1,1,46,0,800,0,800,980,20,1000,1780,20,1800
150,Crop_normal_10,1,1,46,0,800,0,800,980,20,1000,1780,20,1800
151,Crop_normal_11,1,1,46,0,800,0,800,980,20,1000,1780,20,1800
152,Crop_normal_12,1,1,46,0,800,0,800,980,20,1000,1780,20,1800
153,Crop_normal_13,1,1,46,0,800,0,800,980,20,1000,1780,20,1800
154,Crop_normal_14,1,1,46,0,800,0,800,980,20,1000,1780,20,1800
155,Crop_normal_15,1,1,46,0,800,0,800,980,20,1000,1780,20,1800
156,Crop_normal_16,1,1,46,0,800,0,800,980,20,1000,1780,20,1800
157,Crop_normal_17,1,1,46,0,800,0,800,980,20,1000,1780,20,1800
158,Crop_normal_18,1,1,46,0,800,0,800,980,20,1000,1780,20,1800
159,Crop_normal_19,1,1,46,0,800,0,800,980,20,1000,1780,20,1800
160,Crop_normal_2,1,1,46,0,800,0,800,980,20,1000,1780,20,1800
161,Crop_normal_20,1,1,46,0,800,0,800,980,20,1000,1780,20,1800
162,Crop_normal_21,1,1,46,0,800,0,800,980,20,1000,1780,20,1800
163,Crop_normal_22,1,1,46,0,800,0,800,980,20,1000,1780,20,1800
164,Crop_normal_23,1,1,46,0,800,0,800,980,20,1000,1780,20,1800
165,Crop_normal_24,1,1,46,0,800,0,800,980,20,1000,1780,20,1800
166,Crop_normal_3,1,1,46,0,800,0,800,980,20,1000,1780,20,1800
167,Crop_normal_4,1,1,46,0,800,0,800,980,20,1000,1780,20,1800
168,Crop_normal_5,1,1,46,0,800,0,800,980,20,1000,1780,20,1800
169,Crop_normal_6,1,1,46,0,800,0,800,980,20,1000,1780,20,1800
170,Crop_normal_7,1,1,46,0,800,0,800,980,20,1000,1780,20,1800
171,Crop_normal_8,1,1,46,0,800,0,800,980,20,1000,1780,20,1800
172,Crop_normal_9,1,1,46,0,800,0,800,980,20,1000,1780,20,1800
173,DiatomSizeReduction_normal_1,1,1,345,0,27,0,27,49,1,50,76,1,77
174,DiatomSizeReduction_normal_2,1,1,345,0,78,0,78,98,2,100,176,2,178
175,DiatomSizeReduction_normal_3,1,1,345,0,79,0,79,98,2,100,177,2,179
176,DiatomSizeReduction_normal_4,1,1,345,0,72,0,72,49,1,50,121,1,122
177,DistalPhalanxOutlineAgeGroup_normal_1,1,1,80,0,36,0,36,49,1,50,85,1,86
178,DistalPhalanxOutlineAgeGroup_normal_2,1,1,80,0,137,0,137,147,3,150,284,3,287
179,DistalPhalanxOutlineAgeGroup_normal_3,1,1,80,0,257,0,257,294,6,300,551,6,557
180,DistalPhalanxOutlineCorrect_normal_0,1,1,80,0,269,0,269,294,6,300,563,6,569
181,DistalPhalanxOutlineCorrect_normal_1,1,1,80,0,431,0,431,539,11,550,970,11,981
182,DistalPhalanxTW_normal_3,1,1,80,0,37,0,37,49,1,50,86,1,87
183,DistalPhalanxTW_normal_4,1,1,80,0,37,0,37,49,1,50,86,1,87
184,DistalPhalanxTW_normal_5,1,1,80,0,96,0,96,98,2,100,194,2,196
185,DistalPhalanxTW_normal_6,1,1,80,0,34,0,34,49,1,50,83,1,84
186,DistalPhalanxTW_normal_7,1,1,80,0,20,0,20,49,1,50,69,1,70
187,DistalPhalanxTW_normal_8,1,1,80,0,204,0,204,245,5,250,449,5,454
188,DodgerLoopDay_normal_1,1,1,288,0,19,0,19,49,1,50,68,1,69
189,DodgerLoopDay_normal_2,1,1,288,0,16,0,16,49,1,50,65,1,66
190,DodgerLoopDay_normal_3,1,1,288,0,16,0,16,49,1,50,65,1,66
191,DodgerLoopDay_normal_4,1,1,288,0,17,0,17,49,1,50,66,1,67
192,DodgerLoopDay_normal_5,1,1,288,0,19,0,19,49,1,50,68,1,69
193,DodgerLoopDay_normal_6,1,1,288,0,20,0,20,49,1,50,69,1,70
194,DodgerLoopDay_normal_7,1,1,288,0,17,0,17,49,1,50,66,1,67
195,DodgerLoopGame_normal_1,1,1,288,0,65,0,65,49,1,50,114,1,115
196,DodgerLoopGame_normal_2,1,1,288,0,60,0,60,49,1,50,109,1,110
197,DodgerLoopWeekend_normal_1,1,1,288,0,89,0,89,98,2,100,187,2,189
198,DodgerLoopWeekend_normal_2,1,1,288,0,36,0,36,49,1,50,85,1,86
199,ECG200_normal_-1,1,1,96,0,53,0,53,49,1,50,102,1,103
200,ECG200_normal_1,1,1,96,0,106,0,106,98,2,100,204,2,206
201,ECG5000_normal_1,1,1,140,0,2335,0,2335,2891,59,2950,5226,59,5285
202,ECG5000_normal_2,1,1,140,0,1413,0,1413,1764,36,1800,3177,36,3213
203,ECG5000_normal_3,1,1,140,0,76,0,76,49,1,50,125,1,126
204,ECG5000_normal_4,1,1,140,0,155,0,155,147,3,150,302,3,305
205,ECG5000_normal_5,1,1,140,0,19,0,19,49,1,50,68,1,69
206,ECGFiveDays_normal_1,1,1,136,0,353,0,353,441,9,450,794,9,803
207,ECGFiveDays_normal_2,1,1,136,0,353,0,353,441,9,450,794,9,803
208,EOGHorizontalSignal_normal_1,1,1,1250,0,48,0,48,49,1,50,97,1,98
209,EOGHorizontalSignal_normal_10,1,1,1250,0,48,0,48,49,1,50,97,1,98
210,EOGHorizontalSignal_normal_11,1,1,1250,0,48,0,48,49,1,50,97,1,98
211,EOGHorizontalSignal_normal_12,1,1,1250,0,47,0,47,49,1,50,96,1,97
212,EOGHorizontalSignal_normal_2,1,1,1250,0,48,0,48,49,1,50,97,1,98
213,EOGHorizontalSignal_normal_3,1,1,1250,0,48,0,48,49,1,50,97,1,98
214,EOGHorizontalSignal_normal_4,1,1,1250,0,48,0,48,49,1,50,97,1,98
215,EOGHorizontalSignal_normal_5,1,1,1250,0,48,0,48,49,1,50,97,1,98
216,EOGHorizontalSignal_normal_6,1,1,1250,0,48,0,48,49,1,50,97,1,98
217,EOGHorizontalSignal_normal_7,1,1,1250,0,48,0,48,49,1,50,97,1,98
218,EOGHorizontalSignal_normal_8,1,1,1250,0,48,0,48,49,1,50,97,1,98
219,EOGHorizontalSignal_normal_9,1,1,1250,0,48,0,48,49,1,50,97,1,98
220,EOGVerticalSignal_normal_1,1,1,1250,0,48,0,48,49,1,50,97,1,98
221,EOGVerticalSignal_normal_10,1,1,1250,0,48,0,48,49,1,50,97,1,98
222,EOGVerticalSignal_normal_11,1,1,1250,0,48,0,48,49,1,50,97,1,98
223,EOGVerticalSignal_normal_12,1,1,1250,0,47,0,47,49,1,50,96,1,97
224,EOGVerticalSignal_normal_2,1,1,1250,0,48,0,48,49,1,50,97,1,98
225,EOGVerticalSignal_normal_3,1,1,1250,0,48,0,48,49,1,50,97,1,98
226,EOGVerticalSignal_normal_4,1,1,1250,0,48,0,48,49,1,50,97,1,98
227,EOGVerticalSignal_normal_5,1,1,1250,0,48,0,48,49,1,50,97,1,98
228,EOGVerticalSignal_normal_6,1,1,1250,0,48,0,48,49,1,50,97,1,98
229,EOGVerticalSignal_normal_7,1,1,1250,0,48,0,48,49,1,50,97,1,98
230,EOGVerticalSignal_normal_8,1,1,1250,0,48,0,48,49,1,50,97,1,98
231,EOGVerticalSignal_normal_9,1,1,1250,0,48,0,48,49,1,50,97,1,98
232,Earthquakes_normal_0,1,1,512,0,294,0,294,343,7,350,637,7,644
233,Earthquakes_normal_1,1,1,512,0,74,0,74,49,1,50,123,1,124
234,ElectricDevices_normal_1,1,1,96,0,1115,0,1115,1372,28,1400,2487,28,2515
235,ElectricDevices_normal_2,1,1,96,0,3349,0,3349,4165,85,4250,7514,85,7599
236,ElectricDevices_normal_3,1,1,96,0,1284,0,1284,1568,32,1600,2852,32,2884
237,ElectricDevices_normal_4,1,1,96,0,2111,0,2111,2597,53,2650,4708,53,4761
238,ElectricDevices_normal_5,1,1,96,0,3420,0,3420,4263,87,4350,7683,87,7770
239,ElectricDevices_normal_6,1,1,96,0,1001,0,1001,1225,25,1250,2226,25,2251
240,ElectricDevices_normal_7,1,1,96,0,1027,0,1027,1274,26,1300,2301,26,2327
241,EthanolLevel_normal_1,1,1,1751,0,201,0,201,245,5,250,446,5,451
242,EthanolLevel_normal_2,1,1,1751,0,200,0,200,245,5,250,445,5,450
243,EthanolLevel_normal_3,1,1,1751,0,201,0,201,245,5,250,446,5,451
244,EthanolLevel_normal_4,1,1,1751,0,200,0,200,245,5,250,445,5,450
245,FaceAll_normal_1,1,1,131,0,89,0,89,98,2,100,187,2,189
246,FaceAll_normal_10,1,1,131,0,108,0,108,98,2,100,206,2,208
247,FaceAll_normal_11,1,1,131,0,38,0,38,49,1,50,87,1,88
248,FaceAll_normal_12,1,1,131,0,84,0,84,98,2,100,182,2,184
249,FaceAll_normal_13,1,1,131,0,261,0,261,294,6,300,555,6,561
250,FaceAll_normal_14,1,1,131,0,57,0,57,49,1,50,106,1,107
251,FaceAll_normal_2,1,1,131,0,142,0,142,147,3,150,289,3,292
252,FaceAll_normal_3,1,1,131,0,140,0,140,147,3,150,287,3,290
253,FaceAll_normal_4,1,1,131,0,136,0,136,147,3,150,283,3,286
254,FaceAll_normal_5,1,1,131,0,140,0,140,147,3,150,287,3,290
255,FaceAll_normal_6,1,1,131,0,149,0,149,147,3,150,296,3,299
256,FaceAll_normal_7,1,1,131,0,119,0,119,147,3,150,266,3,269
257,FaceAll_normal_8,1,1,131,0,218,0,218,245,5,250,463,5,468
258,FaceAll_normal_9,1,1,131,0,112,0,112,98,2,100,210,2,212
259,FaceFour_normal_1,1,1,350,0,17,0,17,49,1,50,66,1,67
260,FaceFour_normal_2,1,1,350,0,27,0,27,49,1,50,76,1,77
261,FaceFour_normal_3,1,1,350,0,23,0,23,49,1,50,72,1,73
262,FaceFour_normal_4,1,1,350,0,21,0,21,49,1,50,70,1,71
263,FacesUCR_normal_1,1,1,131,0,89,0,89,98,2,100,187,2,189
264,FacesUCR_normal_10,1,1,131,0,108,0,108,98,2,100,206,2,208
265,FacesUCR_normal_11,1,1,131,0,38,0,38,49,1,50,87,1,88
266,FacesUCR_normal_12,1,1,131,0,84,0,84,98,2,100,182,2,184
267,FacesUCR_normal_13,1,1,131,0,261,0,261,294,6,300,555,6,561
268,FacesUCR_normal_14,1,1,131,0,57,0,57,49,1,50,106,1,107
269,FacesUCR_normal_2,1,1,131,0,142,0,142,147,3,150,289,3,292
270,FacesUCR_normal_3,1,1,131,0,140,0,140,147,3,150,287,3,290
271,FacesUCR_normal_4,1,1,131,0,136,0,136,147,3,150,283,3,286
272,FacesUCR_normal_5,1,1,131,0,140,0,140,147,3,150,287,3,290
273,FacesUCR_normal_6,1,1,131,0,149,0,149,147,3,150,296,3,299
274,FacesUCR_normal_7,1,1,131,0,119,0,119,147,3,150,266,3,269
275,FacesUCR_normal_8,1,1,131,0,218,0,218,245,5,250,463,5,468
276,FacesUCR_normal_9,1,1,131,0,112,0,112,98,2,100,210,2,212
277,FiftyWords_normal_1,1,1,270,0,87,0,87,98,2,100,185,2,187
278,FiftyWords_normal_10,1,1,270,0,17,0,17,49,1,50,66,1,67
279,FiftyWords_normal_11,1,1,270,0,17,0,17,49,1,50,66,1,67
280,FiftyWords_normal_12,1,1,270,0,17,0,17,49,1,50,66,1,67
281,FiftyWords_normal_13,1,1,270,0,16,0,16,49,1,50,65,1,66
282,FiftyWords_normal_14,1,1,270,0,14,0,14,49,1,50,63,1,64
283,FiftyWords_normal_15,1,1,270,0,12,0,12,49,1,50,61,1,62
284,FiftyWords_normal_16,1,1,270,0,11,0,11,49,1,50,60,1,61
285,FiftyWords_normal_17,1,1,270,0,11,0,11,49,1,50,60,1,61
286,FiftyWords_normal_18,1,1,270,0,10,0,10,49,1,50,59,1,60
287,FiftyWords_normal_19,1,1,270,0,10,0,10,49,1,50,59,1,60
288,FiftyWords_normal_2,1,1,270,0,72,0,72,49,1,50,121,1,122
289,FiftyWords_normal_20,1,1,270,0,10,0,10,49,1,50,59,1,60
290,FiftyWords_normal_21,1,1,270,0,9,0,9,49,1,50,58,1,59
291,FiftyWords_normal_22,1,1,270,0,8,0,8,49,1,50,57,1,58
292,FiftyWords_normal_23,1,1,270,0,8,0,8,49,1,50,57,1,58
293,FiftyWords_normal_24,1,1,270,0,8,0,8,49,1,50,57,1,58
294,FiftyWords_normal_25,1,1,270,0,8,0,8,49,1,50,57,1,58
295,FiftyWords_normal_26,1,1,270,0,8,0,8,49,1,50,57,1,58
296,FiftyWords_normal_27,1,1,270,0,8,0,8,49,1,50,57,1,58
297,FiftyWords_normal_28,1,1,270,0,7,0,7,49,1,50,56,1,57
298,FiftyWords_normal_29,1,1,270,0,7,0,7,49,1,50,56,1,57
299,FiftyWords_normal_3,1,1,270,0,48,0,48,49,1,50,97,1,98
300,FiftyWords_normal_30,1,1,270,0,7,0,7,49,1,50,56,1,57
301,FiftyWords_normal_31,1,1,270,0,7,0,7,49,1,50,56,1,57
302,FiftyWords_normal_32,1,1,270,0,7,0,7,49,1,50,56,1,57
303,FiftyWords_normal_33,1,1,270,0,6,0,6,49,1,50,55,1,56
304,FiftyWords_normal_34,1,1,270,0,6,0,6,49,1,50,55,1,56
305,FiftyWords_normal_35,1,1,270,0,6,0,6,49,1,50,55,1,56
306,FiftyWords_normal_36,1,1,270,0,6,0,6,49,1,50,55,1,56
307,FiftyWords_normal_37,1,1,270,0,6,0,6,49,1,50,55,1,56
308,FiftyWords_normal_38,1,1,270,0,6,0,6,49,1,50,55,1,56
309,FiftyWords_normal_39,1,1,270,0,6,0,6,49,1,50,55,1,56
310,FiftyWords_normal_4,1,1,270,0,43,0,43,49,1,50,92,1,93
311,FiftyWords_normal_40,1,1,270,0,6,0,6,49,1,50,55,1,56
312,FiftyWords_normal_41,1,1,270,0,5,0,5,49,1,50,54,1,55
313,FiftyWords_normal_42,1,1,270,0,5,0,5,49,1,50,54,1,55
314,FiftyWords_normal_43,1,1,270,0,5,0,5,49,1,50,54,1,55
315,FiftyWords_normal_44,1,1,270,0,5,0,5,49,1,50,54,1,55
316,FiftyWords_normal_45,1,1,270,0,5,0,5,49,1,50,54,1,55
317,FiftyWords_normal_46,1,1,270,0,5,0,5,49,1,50,54,1,55
318,FiftyWords_normal_47,1,1,270,0,5,0,5,49,1,50,54,1,55
319,FiftyWords_normal_48,1,1,270,0,5,0,5,49,1,50,54,1,55
320,FiftyWords_normal_49,1,1,270,0,4,0,4,49,1,50,53,1,54
321,FiftyWords_normal_5,1,1,270,0,30,0,30,49,1,50,79,1,80
322,FiftyWords_normal_50,1,1,270,0,4,0,4,49,1,50,53,1,54
323,FiftyWords_normal_6,1,1,270,0,27,0,27,49,1,50,76,1,77
324,FiftyWords_normal_7,1,1,270,0,25,0,25,49,1,50,74,1,75
325,FiftyWords_normal_8,1,1,270,0,19,0,19,49,1,50,68,1,69
326,FiftyWords_normal_9,1,1,270,0,19,0,19,49,1,50,68,1,69
327,Fish_normal_1,1,1,463,0,40,0,40,49,1,50,89,1,90
328,Fish_normal_2,1,1,463,0,40,0,40,49,1,50,89,1,90
329,Fish_normal_3,1,1,463,0,40,0,40,49,1,50,89,1,90
330,Fish_normal_4,1,1,463,0,40,0,40,49,1,50,89,1,90
331,Fish_normal_5,1,1,463,0,40,0,40,49,1,50,89,1,90
332,Fish_normal_6,1,1,463,0,40,0,40,49,1,50,89,1,90
333,Fish_normal_7,1,1,463,0,40,0,40,49,1,50,89,1,90
334,FordA_normal_-1,1,1,500,0,2021,0,2021,2499,51,2550,4520,51,4571
335,FordA_normal_1,1,1,500,0,1915,0,1915,2352,48,2400,4267,48,4315
336,FordB_normal_-1,1,1,500,0,1808,0,1808,2254,46,2300,4062,46,4108
337,FordB_normal_1,1,1,500,0,1748,0,1748,2156,44,2200,3904,44,3948
338,FreezerRegularTrain_normal_1,1,1,301,0,1200,0,1200,1470,30,1500,2670,30,2700
339,FreezerRegularTrain_normal_2,1,1,301,0,1200,0,1200,1470,30,1500,2670,30,2700
340,FreezerSmallTrain_normal_1,1,1,301,0,1151,0,1151,1421,29,1450,2572,29,2601
341,FreezerSmallTrain_normal_2,1,1,301,0,1151,0,1151,1421,29,1450,2572,29,2601
342,Fungi_normal_1,1,1,201,0,6,0,6,49,1,50,55,1,56
343,Fungi_normal_10,1,1,201,0,6,0,6,49,1,50,55,1,56
344,Fungi_normal_11,1,1,201,0,6,0,6,49,1,50,55,1,56
345,Fungi_normal_12,1,1,201,0,12,0,12,49,1,50,61,1,62
346,Fungi_normal_13,1,1,201,0,6,0,6,49,1,50,55,1,56
347,Fungi_normal_14,1,1,201,0,6,0,6,49,1,50,55,1,56
348,Fungi_normal_15,1,1,201,0,9,0,9,49,1,50,58,1,59
349,Fungi_normal_16,1,1,201,0,9,0,9,49,1,50,58,1,59
350,Fungi_normal_17,1,1,201,0,6,0,6,49,1,50,55,1,56
351,Fungi_normal_18,1,1,201,0,12,0,12,49,1,50,61,1,62
352,Fungi_normal_2,1,1,201,0,9,0,9,49,1,50,58,1,59
353,Fungi_normal_3,1,1,201,0,6,0,6,49,1,50,55,1,56
354,Fungi_normal_4,1,1,201,0,16,0,16,49,1,50,65,1,66
355,Fungi_normal_5,1,1,201,0,6,0,6,49,1,50,55,1,56
356,Fungi_normal_6,1,1,201,0,9,0,9,49,1,50,58,1,59
357,Fungi_normal_7,1,1,201,0,9,0,9,49,1,50,58,1,59
358,Fungi_normal_8,1,1,201,0,6,0,6,49,1,50,55,1,56
359,Fungi_normal_9,1,1,201,0,16,0,16,49,1,50,65,1,66
360,GestureMidAirD1_normal_1,1,1,180,0,10,0,10,49,1,50,59,1,60
361,GestureMidAirD1_normal_10,1,1,116,0,10,0,10,49,1,50,59,1,60
362,GestureMidAirD1_normal_11,1,1,180,0,10,0,10,49,1,50,59,1,60
363,GestureMidAirD1_normal_12,1,1,180,0,10,0,10,49,1,50,59,1,60
364,GestureMidAirD1_normal_13,1,1,180,0,10,0,10,49,1,50,59,1,60
365,GestureMidAirD1_normal_14,1,1,180,0,10,0,10,49,1,50,59,1,60
366,GestureMidAirD1_normal_15,1,1,172,0,10,0,10,49,1,50,59,1,60
367,GestureMidAirD1_normal_16,1,1,179,0,10,0,10,49,1,50,59,1,60
368,GestureMidAirD1_normal_17,1,1,239,0,10,0,10,49,1,50,59,1,60
369,GestureMidAirD1_normal_18,1,1,90,0,10,0,10,49,1,50,59,1,60
370,GestureMidAirD1_normal_19,1,1,360,0,10,0,10,49,1,50,59,1,60
371,GestureMidAirD1_normal_2,1,1,180,0,10,0,10,49,1,50,59,1,60
372,GestureMidAirD1_normal_20,1,1,118,0,10,0,10,49,1,50,59,1,60
373,GestureMidAirD1_normal_21,1,1,115,0,10,0,10,49,1,50,59,1,60
374,GestureMidAirD1_normal_22,1,1,280,0,10,0,10,49,1,50,59,1,60
375,GestureMidAirD1_normal_23,1,1,226,0,10,0,10,49,1,50,59,1,60
376,GestureMidAirD1_normal_24,1,1,90,0,10,0,10,49,1,50,59,1,60
377,GestureMidAirD1_normal_25,1,1,178,0,10,0,10,49,1,50,59,1,60
378,GestureMidAirD1_normal_26,1,1,197,0,10,0,10,49,1,50,59,1,60
379,GestureMidAirD1_normal_3,1,1,89,0,10,0,10,49,1,50,59,1,60
380,GestureMidAirD1_normal_4,1,1,90,0,10,0,10,49,1,50,59,1,60
381,GestureMidAirD1_normal_5,1,1,180,0,10,0,10,49,1,50,59,1,60
382,GestureMidAirD1_normal_6,1,1,120,0,10,0,10,49,1,50,59,1,60
383,GestureMidAirD1_normal_7,1,1,120,0,10,0,10,49,1,50,59,1,60
384,GestureMidAirD1_normal_8,1,1,180,0,10,0,10,49,1,50,59,1,60
385,GestureMidAirD1_normal_9,1,1,90,0,10,0,10,49,1,50,59,1,60
386,GestureMidAirD2_normal_1,1,1,169,0,10,0,10,49,1,50,59,1,60
387,GestureMidAirD2_normal_10,1,1,114,0,10,0,10,49,1,50,59,1,60
388,GestureMidAirD2_normal_11,1,1,163,0,10,0,10,49,1,50,59,1,60
389,GestureMidAirD2_normal_12,1,1,180,0,10,0,10,49,1,50,59,1,60
390,GestureMidAirD2_normal_13,1,1,171,0,10,0,10,49,1,50,59,1,60
391,GestureMidAirD2_normal_14,1,1,167,0,10,0,10,49,1,50,59,1,60
392,GestureMidAirD2_normal_15,1,1,180,0,10,0,10,49,1,50,59,1,60
393,GestureMidAirD2_normal_16,1,1,170,0,10,0,10,49,1,50,59,1,60
394,GestureMidAirD2_normal_17,1,1,240,0,10,0,10,49,1,50,59,1,60
395,GestureMidAirD2_normal_18,1,1,87,0,10,0,10,49,1,50,59,1,60
396,GestureMidAirD2_normal_19,1,1,341,0,10,0,10,49,1,50,59,1,60
397,GestureMidAirD2_normal_2,1,1,180,0,10,0,10,49,1,50,59,1,60
398,GestureMidAirD2_normal_20,1,1,108,0,10,0,10,49,1,50,59,1,60
399,GestureMidAirD2_normal_21,1,1,115,0,10,0,10,49,1,50,59,1,60
400,GestureMidAirD2_normal_22,1,1,287,0,10,0,10,49,1,50,59,1,60
401,GestureMidAirD2_normal_23,1,1,240,0,10,0,10,49,1,50,59,1,60
402,GestureMidAirD2_normal_24,1,1,90,0,10,0,10,49,1,50,59,1,60
403,GestureMidAirD2_normal_25,1,1,161,0,10,0,10,49,1,50,59,1,60
404,GestureMidAirD2_normal_26,1,1,240,0,10,0,10,49,1,50,59,1,60
405,GestureMidAirD2_normal_3,1,1,90,0,10,0,10,49,1,50,59,1,60
406,GestureMidAirD2_normal_4,1,1,171,0,10,0,10,49,1,50,59,1,60
407,GestureMidAirD2_normal_5,1,1,180,0,10,0,10,49,1,50,59,1,60
408,GestureMidAirD2_normal_6,1,1,120,0,10,0,10,49,1,50,59,1,60
409,GestureMidAirD2_normal_7,1,1,120,0,10,0,10,49,1,50,59,1,60
410,GestureMidAirD2_normal_8,1,1,226,0,10,0,10,49,1,50,59,1,60
411,GestureMidAirD2_normal_9,1,1,90,0,10,0,10,49,1,50,59,1,60
412,GestureMidAirD3_normal_1,1,1,169,0,10,0,10,49,1,50,59,1,60
413,GestureMidAirD3_normal_10,1,1,120,0,10,0,10,49,1,50,59,1,60
414,GestureMidAirD3_normal_11,1,1,179,0,10,0,10,49,1,50,59,1,60
415,GestureMidAirD3_normal_12,1,1,179,0,10,0,10,49,1,50,59,1,60
416,GestureMidAirD3_normal_13,1,1,180,0,10,0,10,49,1,50,59,1,60
417,GestureMidAirD3_normal_14,1,1,180,0,10,0,10,49,1,50,59,1,60
418,GestureMidAirD3_normal_15,1,1,180,0,10,0,10,49,1,50,59,1,60
419,GestureMidAirD3_normal_16,1,1,173,0,10,0,10,49,1,50,59,1,60
420,GestureMidAirD3_normal_17,1,1,227,0,10,0,10,49,1,50,59,1,60
421,GestureMidAirD3_normal_18,1,1,90,0,10,0,10,49,1,50,59,1,60
422,GestureMidAirD3_normal_19,1,1,360,0,10,0,10,49,1,50,59,1,60
423,GestureMidAirD3_normal_2,1,1,180,0,10,0,10,49,1,50,59,1,60
424,GestureMidAirD3_normal_20,1,1,120,0,10,0,10,49,1,50,59,1,60
425,GestureMidAirD3_normal_21,1,1,119,0,10,0,10,49,1,50,59,1,60
426,GestureMidAirD3_normal_22,1,1,300,0,10,0,10,49,1,50,59,1,60
427,GestureMidAirD3_normal_23,1,1,228,0,10,0,10,49,1,50,59,1,60
428,GestureMidAirD3_normal_24,1,1,90,0,10,0,10,49,1,50,59,1,60
429,GestureMidAirD3_normal_25,1,1,180,0,10,0,10,49,1,50,59,1,60
430,GestureMidAirD3_normal_26,1,1,240,0,10,0,10,49,1,50,59,1,60
431,GestureMidAirD3_normal_3,1,1,168,0,10,0,10,49,1,50,59,1,60
432,GestureMidAirD3_normal_4,1,1,90,0,10,0,10,49,1,50,59,1,60
433,GestureMidAirD3_normal_5,1,1,171,0,10,0,10,49,1,50,59,1,60
434,GestureMidAirD3_normal_6,1,1,120,0,10,0,10,49,1,50,59,1,60
435,GestureMidAirD3_normal_7,1,1,120,0,10,0,10,49,1,50,59,1,60
436,GestureMidAirD3_normal_8,1,1,180,0,10,0,10,49,1,50,59,1,60
437,GestureMidAirD3_normal_9,1,1,90,0,10,0,10,49,1,50,59,1,60
438,GesturePebbleZ1_normal_1,1,1,140,0,39,0,39,49,1,50,88,1,89
439,GesturePebbleZ1_normal_2,1,1,160,0,36,0,36,49,1,50,85,1,86
440,GesturePebbleZ1_normal_3,1,1,140,0,43,0,43,49,1,50,92,1,93
441,GesturePebbleZ1_normal_4,1,1,135,0,42,0,42,49,1,50,91,1,92
442,GesturePebbleZ1_normal_5,1,1,320,0,41,0,41,49,1,50,90,1,91
443,GesturePebbleZ1_normal_6,1,1,290,0,40,0,40,49,1,50,89,1,90
444,GesturePebbleZ2_normal_1,1,1,140,0,39,0,39,49,1,50,88,1,89
445,GesturePebbleZ2_normal_2,1,1,160,0,36,0,36,49,1,50,85,1,86
446,GesturePebbleZ2_normal_3,1,1,140,0,43,0,43,49,1,50,92,1,93
447,GesturePebbleZ2_normal_4,1,1,135,0,42,0,42,49,1,50,91,1,92
448,GesturePebbleZ2_normal_5,1,1,320,0,41,0,41,49,1,50,90,1,91
449,GesturePebbleZ2_normal_6,1,1,290,0,40,0,40,49,1,50,89,1,90
452,GunPointAgeSpan_normal_1,1,1,150,0,182,0,182,196,4,200,378,4,382
453,GunPointAgeSpan_normal_2,1,1,150,0,178,0,178,196,4,200,374,4,378
454,GunPointMaleVersusFemale_normal_1,1,1,150,0,189,0,189,196,4,200,385,4,389
455,GunPointMaleVersusFemale_normal_2,1,1,150,0,171,0,171,196,4,200,367,4,371
456,GunPointOldVersusYoung_normal_1,1,1,150,0,172,0,172,196,4,200,368,4,372
457,GunPointOldVersusYoung_normal_2,1,1,150,0,188,0,188,196,4,200,384,4,388
450,GunPoint_normal_1,1,1,150,0,80,0,80,98,2,100,178,2,180
451,GunPoint_normal_2,1,1,150,0,80,0,80,98,2,100,178,2,180
458,Ham_normal_1,1,1,431,0,82,0,82,98,2,100,180,2,182
459,Ham_normal_2,1,1,431,0,88,0,88,98,2,100,186,2,188
460,HandOutlines_normal_0,1,1,2709,0,396,0,396,490,10,500,886,10,896
461,HandOutlines_normal_1,1,1,2709,0,700,0,700,833,17,850,1533,17,1550
462,Haptics_normal_1,1,1,1092,0,62,0,62,49,1,50,111,1,112
463,Haptics_normal_2,1,1,1092,0,73,0,73,49,1,50,122,1,123
464,Haptics_normal_3,1,1,1092,0,74,0,74,49,1,50,123,1,124
465,Haptics_normal_4,1,1,1092,0,80,0,80,98,2,100,178,2,180
466,Haptics_normal_5,1,1,1092,0,80,0,80,98,2,100,178,2,180
467,Herring_normal_1,1,1,512,0,61,0,61,49,1,50,110,1,111
468,Herring_normal_2,1,1,512,0,40,0,40,49,1,50,89,1,90
469,HouseTwenty_normal_1,1,1,2000,0,71,0,71,49,1,50,120,1,121
470,HouseTwenty_normal_2,1,1,2000,0,56,0,56,49,1,50,105,1,106
471,InlineSkate_normal_1,1,1,1882,0,49,0,49,49,1,50,98,1,99
472,InlineSkate_normal_2,1,1,1882,0,80,0,80,98,2,100,178,2,180
473,InlineSkate_normal_3,1,1,1882,0,82,0,82,98,2,100,180,2,182
474,InlineSkate_normal_4,1,1,1882,0,86,0,86,98,2,100,184,2,186
475,InlineSkate_normal_5,1,1,1882,0,93,0,93,98,2,100,191,2,193
476,InlineSkate_normal_6,1,1,1882,0,78,0,78,98,2,100,176,2,178
477,InlineSkate_normal_7,1,1,1882,0,49,0,49,49,1,50,98,1,99
478,InsectEPGRegularTrain_normal_1,1,1,601,0,88,0,88,98,2,100,186,2,188
479,InsectEPGRegularTrain_normal_2,1,1,601,0,118,0,118,147,3,150,265,3,268
480,InsectEPGRegularTrain_normal_3,1,1,601,0,41,0,41,49,1,50,90,1,91
481,InsectEPGSmallTrain_normal_1,1,1,601,0,76,0,76,49,1,50,125,1,126
482,InsectEPGSmallTrain_normal_2,1,1,601,0,100,0,100,98,2,100,198,2,200
483,InsectEPGSmallTrain_normal_3,1,1,601,0,36,0,36,49,1,50,85,1,86
484,InsectWingbeatSound_normal_1,1,1,256,0,160,0,160,196,4,200,356,4,360
485,InsectWingbeatSound_normal_10,1,1,256,0,160,0,160,196,4,200,356,4,360
486,InsectWingbeatSound_normal_11,1,1,256,0,160,0,160,196,4,200,356,4,360
487,InsectWingbeatSound_normal_2,1,1,256,0,160,0,160,196,4,200,356,4,360
488,InsectWingbeatSound_normal_3,1,1,256,0,160,0,160,196,4,200,356,4,360
489,InsectWingbeatSound_normal_4,1,1,256,0,160,0,160,196,4,200,356,4,360
490,InsectWingbeatSound_normal_5,1,1,256,0,160,0,160,196,4,200,356,4,360
491,InsectWingbeatSound_normal_6,1,1,256,0,160,0,160,196,4,200,356,4,360
492,InsectWingbeatSound_normal_7,1,1,256,0,160,0,160,196,4,200,356,4,360
493,InsectWingbeatSound_normal_8,1,1,256,0,160,0,160,196,4,200,356,4,360
494,InsectWingbeatSound_normal_9,1,1,256,0,160,0,160,196,4,200,356,4,360
495,ItalyPowerDemand_normal_1,1,1,24,0,437,0,437,539,11,550,976,11,987
496,ItalyPowerDemand_normal_2,1,1,24,0,439,0,439,539,11,550,978,11,989
497,LargeKitchenAppliances_normal_1,1,1,720,0,200,0,200,245,5,250,445,5,450
498,LargeKitchenAppliances_normal_2,1,1,720,0,200,0,200,245,5,250,445,5,450
499,LargeKitchenAppliances_normal_3,1,1,720,0,200,0,200,245,5,250,445,5,450
500,Lightning2_normal_-1,1,1,637,0,38,0,38,49,1,50,87,1,88
501,Lightning2_normal_1,1,1,637,0,58,0,58,49,1,50,107,1,108
502,Lightning7_normal_0,1,1,319,0,14,0,14,49,1,50,63,1,64
503,Lightning7_normal_1,1,1,319,0,13,0,13,49,1,50,62,1,63
504,Lightning7_normal_2,1,1,319,0,11,0,11,49,1,50,60,1,61
505,Lightning7_normal_3,1,1,319,0,15,0,15,49,1,50,64,1,65
506,Lightning7_normal_4,1,1,319,0,12,0,12,49,1,50,61,1,62
507,Lightning7_normal_5,1,1,319,0,30,0,30,49,1,50,79,1,80
508,Lightning7_normal_6,1,1,319,0,17,0,17,49,1,50,66,1,67
509,Mallat_normal_1,1,1,1024,0,240,0,240,294,6,300,534,6,540
510,Mallat_normal_2,1,1,1024,0,240,0,240,294,6,300,534,6,540
511,Mallat_normal_3,1,1,1024,0,240,0,240,294,6,300,534,6,540
512,Mallat_normal_4,1,1,1024,0,240,0,240,294,6,300,534,6,540
513,Mallat_normal_5,1,1,1024,0,240,0,240,294,6,300,534,6,540
514,Mallat_normal_6,1,1,1024,0,240,0,240,294,6,300,534,6,540
515,Mallat_normal_7,1,1,1024,0,240,0,240,294,6,300,534,6,540
516,Mallat_normal_8,1,1,1024,0,240,0,240,294,6,300,534,6,540
517,Meat_normal_1,1,1,448,0,32,0,32,49,1,50,81,1,82
518,Meat_normal_2,1,1,448,0,32,0,32,49,1,50,81,1,82
519,Meat_normal_3,1,1,448,0,32,0,32,49,1,50,81,1,82
520,MedicalImages_normal_1,1,1,99,0,89,0,89,98,2,100,187,2,189
521,MedicalImages_normal_10,1,1,99,0,475,0,475,588,12,600,1063,12,1075
522,MedicalImages_normal_2,1,1,99,0,52,0,52,49,1,50,101,1,102
523,MedicalImages_normal_3,1,1,99,0,60,0,60,49,1,50,109,1,110
524,MedicalImages_normal_4,1,1,99,0,38,0,38,49,1,50,87,1,88
525,MedicalImages_normal_5,1,1,99,0,36,0,36,49,1,50,85,1,86
526,MedicalImages_normal_6,1,1,99,0,18,0,18,49,1,50,67,1,68
527,MedicalImages_normal_7,1,1,99,0,39,0,39,49,1,50,88,1,89
528,MedicalImages_normal_8,1,1,99,0,19,0,19,49,1,50,68,1,69
529,MedicalImages_normal_9,1,1,99,0,84,0,84,98,2,100,182,2,184
530,MelbournePedestrian_normal_1,1,1,24,0,292,0,292,343,7,350,635,7,642
531,MelbournePedestrian_normal_10,1,1,24,0,292,0,292,343,7,350,635,7,642
532,MelbournePedestrian_normal_2,1,1,24,0,292,0,292,343,7,350,635,7,642
533,MelbournePedestrian_normal_3,1,1,24,0,292,0,292,343,7,350,635,7,642
534,MelbournePedestrian_normal_4,1,1,24,0,292,0,292,343,7,350,635,7,642
535,MelbournePedestrian_normal_5,1,1,24,0,292,0,292,343,7,350,635,7,642
536,MelbournePedestrian_normal_6,1,1,24,0,292,0,292,343,7,350,635,7,642
537,MelbournePedestrian_normal_7,1,1,24,0,292,0,292,343,7,350,635,7,642
538,MelbournePedestrian_normal_8,1,1,24,0,279,0,279,343,7,350,622,7,629
539,MelbournePedestrian_normal_9,1,1,24,0,291,0,291,343,7,350,634,7,641
540,MiddlePhalanxOutlineAgeGroup_normal_1,1,1,80,0,73,0,73,49,1,50,122,1,123
541,MiddlePhalanxOutlineAgeGroup_normal_2,1,1,80,0,156,0,156,196,4,200,352,4,356
542,MiddlePhalanxOutlineAgeGroup_normal_3,1,1,80,0,212,0,212,245,5,250,457,5,462
543,MiddlePhalanxOutlineCorrect_normal_0,1,1,80,0,269,0,269,294,6,300,563,6,569
544,MiddlePhalanxOutlineCorrect_normal_1,1,1,80,0,443,0,443,539,11,550,982,11,993
545,MiddlePhalanxTW_normal_3,1,1,80,0,65,0,65,49,1,50,114,1,115
546,MiddlePhalanxTW_normal_4,1,1,80,0,102,0,102,98,2,100,200,2,202
547,MiddlePhalanxTW_normal_5,1,1,80,0,52,0,52,49,1,50,101,1,102
548,MiddlePhalanxTW_normal_6,1,1,80,0,32,0,32,49,1,50,81,1,82
549,MiddlePhalanxTW_normal_7,1,1,80,0,27,0,27,49,1,50,76,1,77
550,MiddlePhalanxTW_normal_8,1,1,80,0,161,0,161,196,4,200,357,4,361
551,MixedShapesRegularTrain_normal_1,1,1,1024,0,446,0,446,539,11,550,985,11,996
552,MixedShapesRegularTrain_normal_2,1,1,1024,0,603,0,603,735,15,750,1338,15,1353
553,MixedShapesRegularTrain_normal_3,1,1,1024,0,414,0,414,490,10,500,904,10,914
554,MixedShapesRegularTrain_normal_4,1,1,1024,0,544,0,544,637,13,650,1181,13,1194
555,MixedShapesRegularTrain_normal_5,1,1,1024,0,331,0,331,392,8,400,723,8,731
556,MixedShapesSmallTrain_normal_1,1,1,1024,0,382,0,382,441,9,450,823,9,832
557,MixedShapesSmallTrain_normal_2,1,1,1024,0,539,0,539,637,13,650,1176,13,1189
558,MixedShapesSmallTrain_normal_3,1,1,1024,0,350,0,350,392,8,400,742,8,750
559,MixedShapesSmallTrain_normal_4,1,1,1024,0,480,0,480,588,12,600,1068,12,1080
560,MixedShapesSmallTrain_normal_5,1,1,1024,0,267,0,267,294,6,300,561,6,567
561,MoteStrain_normal_1,1,1,84,0,548,0,548,637,13,650,1185,13,1198
562,MoteStrain_normal_2,1,1,84,0,469,0,469,539,11,550,1008,11,1019
563,NonInvasiveFetalECGThorax1_normal_1,1,1,750,0,67,0,67,49,1,50,116,1,117
564,NonInvasiveFetalECGThorax1_normal_10,1,1,750,0,73,0,73,49,1,50,122,1,123
565,NonInvasiveFetalECGThorax1_normal_11,1,1,750,0,60,0,60,49,1,50,109,1,110
566,NonInvasiveFetalECGThorax1_normal_12,1,1,750,0,72,0,72,49,1,50,121,1,122
567,NonInvasiveFetalECGThorax1_normal_13,1,1,750,0,77,0,77,49,1,50,126,1,127
568,NonInvasiveFetalECGThorax1_normal_14,1,1,750,0,71,0,71,49,1,50,120,1,121
569,NonInvasiveFetalECGThorax1_normal_15,1,1,750,0,78,0,78,98,2,100,176,2,178
570,NonInvasiveFetalECGThorax1_normal_16,1,1,750,0,76,0,76,49,1,50,125,1,126
571,NonInvasiveFetalECGThorax1_normal_17,1,1,750,0,68,0,68,49,1,50,117,1,118
572,NonInvasiveFetalECGThorax1_normal_18,1,1,750,0,72,0,72,49,1,50,121,1,122
573,NonInvasiveFetalECGThorax1_normal_19,1,1,750,0,70,0,70,49,1,50,119,1,120
574,NonInvasiveFetalECGThorax1_normal_2,1,1,750,0,72,0,72,49,1,50,121,1,122
575,NonInvasiveFetalECGThorax1_normal_20,1,1,750,0,72,0,72,49,1,50,121,1,122
576,NonInvasiveFetalECGThorax1_normal_21,1,1,750,0,71,0,71,49,1,50,120,1,121
577,NonInvasiveFetalECGThorax1_normal_22,1,1,750,0,68,0,68,49,1,50,117,1,118
578,NonInvasiveFetalECGThorax1_normal_23,1,1,750,0,69,0,69,49,1,50,118,1,119
579,NonInvasiveFetalECGThorax1_normal_24,1,1,750,0,69,0,69,49,1,50,118,1,119
580,NonInvasiveFetalECGThorax1_normal_25,1,1,750,0,72,0,72,49,1,50,121,1,122
581,NonInvasiveFetalECGThorax1_normal_26,1,1,750,0,62,0,62,49,1,50,111,1,112
582,NonInvasiveFetalECGThorax1_normal_27,1,1,750,0,71,0,71,49,1,50,120,1,121
583,NonInvasiveFetalECGThorax1_normal_28,1,1,750,0,68,0,68,49,1,50,117,1,118
584,NonInvasiveFetalECGThorax1_normal_29,1,1,750,0,76,0,76,49,1,50,125,1,126
585,NonInvasiveFetalECGThorax1_normal_3,1,1,750,0,69,0,69,49,1,50,118,1,119
586,NonInvasiveFetalECGThorax1_normal_30,1,1,750,0,68,0,68,49,1,50,117,1,118
587,NonInvasiveFetalECGThorax1_normal_31,1,1,750,0,75,0,75,49,1,50,124,1,125
588,NonInvasiveFetalECGThorax1_normal_32,1,1,750,0,72,0,72,49,1,50,121,1,122
589,NonInvasiveFetalECGThorax1_normal_33,1,1,750,0,68,0,68,49,1,50,117,1,118
590,NonInvasiveFetalECGThorax1_normal_34,1,1,750,0,75,0,75,49,1,50,124,1,125
591,NonInvasiveFetalECGThorax1_normal_35,1,1,750,0,75,0,75,49,1,50,124,1,125
592,NonInvasiveFetalECGThorax1_normal_36,1,1,750,0,72,0,72,49,1,50,121,1,122
593,NonInvasiveFetalECGThorax1_normal_37,1,1,750,0,69,0,69,49,1,50,118,1,119
594,NonInvasiveFetalECGThorax1_normal_38,1,1,750,0,72,0,72,49,1,50,121,1,122
595,NonInvasiveFetalECGThorax1_normal_39,1,1,750,0,72,0,72,49,1,50,121,1,122
596,NonInvasiveFetalECGThorax1_normal_4,1,1,750,0,68,0,68,49,1,50,117,1,118
597,NonInvasiveFetalECGThorax1_normal_40,1,1,750,0,72,0,72,49,1,50,121,1,122
598,NonInvasiveFetalECGThorax1_normal_41,1,1,750,0,74,0,74,49,1,50,123,1,124
599,NonInvasiveFetalECGThorax1_normal_42,1,1,750,0,74,0,74,49,1,50,123,1,124
600,NonInvasiveFetalECGThorax1_normal_5,1,1,750,0,76,0,76,49,1,50,125,1,126
601,NonInvasiveFetalECGThorax1_normal_6,1,1,750,0,75,0,75,49,1,50,124,1,125
602,NonInvasiveFetalECGThorax1_normal_7,1,1,750,0,74,0,74,49,1,50,123,1,124
603,NonInvasiveFetalECGThorax1_normal_8,1,1,750,0,72,0,72,49,1,50,121,1,122
604,NonInvasiveFetalECGThorax1_normal_9,1,1,750,0,70,0,70,49,1,50,119,1,120
605,NonInvasiveFetalECGThorax2_normal_1,1,1,750,0,67,0,67,49,1,50,116,1,117
606,NonInvasiveFetalECGThorax2_normal_10,1,1,750,0,73,0,73,49,1,50,122,1,123
607,NonInvasiveFetalECGThorax2_normal_11,1,1,750,0,60,0,60,49,1,50,109,1,110
608,NonInvasiveFetalECGThorax2_normal_12,1,1,750,0,72,0,72,49,1,50,121,1,122
609,NonInvasiveFetalECGThorax2_normal_13,1,1,750,0,77,0,77,49,1,50,126,1,127
610,NonInvasiveFetalECGThorax2_normal_14,1,1,750,0,71,0,71,49,1,50,120,1,121
611,NonInvasiveFetalECGThorax2_normal_15,1,1,750,0,78,0,78,98,2,100,176,2,178
612,NonInvasiveFetalECGThorax2_normal_16,1,1,750,0,76,0,76,49,1,50,125,1,126
613,NonInvasiveFetalECGThorax2_normal_17,1,1,750,0,68,0,68,49,1,50,117,1,118
614,NonInvasiveFetalECGThorax2_normal_18,1,1,750,0,72,0,72,49,1,50,121,1,122
615,NonInvasiveFetalECGThorax2_normal_19,1,1,750,0,70,0,70,49,1,50,119,1,120
616,NonInvasiveFetalECGThorax2_normal_2,1,1,750,0,72,0,72,49,1,50,121,1,122
617,NonInvasiveFetalECGThorax2_normal_20,1,1,750,0,72,0,72,49,1,50,121,1,122
618,NonInvasiveFetalECGThorax2_normal_21,1,1,750,0,71,0,71,49,1,50,120,1,121
619,NonInvasiveFetalECGThorax2_normal_22,1,1,750,0,68,0,68,49,1,50,117,1,118
620,NonInvasiveFetalECGThorax2_normal_23,1,1,750,0,69,0,69,49,1,50,118,1,119
621,NonInvasiveFetalECGThorax2_normal_24,1,1,750,0,69,0,69,49,1,50,118,1,119
622,NonInvasiveFetalECGThorax2_normal_25,1,1,750,0,72,0,72,49,1,50,121,1,122
623,NonInvasiveFetalECGThorax2_normal_26,1,1,750,0,62,0,62,49,1,50,111,1,112
624,NonInvasiveFetalECGThorax2_normal_27,1,1,750,0,71,0,71,49,1,50,120,1,121
625,NonInvasiveFetalECGThorax2_normal_28,1,1,750,0,68,0,68,49,1,50,117,1,118
626,NonInvasiveFetalECGThorax2_normal_29,1,1,750,0,76,0,76,49,1,50,125,1,126
627,NonInvasiveFetalECGThorax2_normal_3,1,1,750,0,69,0,69,49,1,50,118,1,119
628,NonInvasiveFetalECGThorax2_normal_30,1,1,750,0,68,0,68,49,1,50,117,1,118
629,NonInvasiveFetalECGThorax2_normal_31,1,1,750,0,75,0,75,49,1,50,124,1,125
630,NonInvasiveFetalECGThorax2_normal_32,1,1,750,0,72,0,72,49,1,50,121,1,122
631,NonInvasiveFetalECGThorax2_normal_33,1,1,750,0,68,0,68,49,1,50,117,1,118
632,NonInvasiveFetalECGThorax2_normal_34,1,1,750,0,75,0,75,49,1,50,124,1,125
633,NonInvasiveFetalECGThorax2_normal_35,1,1,750,0,75,0,75,49,1,50,124,1,125
634,NonInvasiveFetalECGThorax2_normal_36,1,1,750,0,72,0,72,49,1,50,121,1,122
635,NonInvasiveFetalECGThorax2_normal_37,1,1,750,0,69,0,69,49,1,50,118,1,119
636,NonInvasiveFetalECGThorax2_normal_38,1,1,750,0,72,0,72,49,1,50,121,1,122
637,NonInvasiveFetalECGThorax2_normal_39,1,1,750,0,72,0,72,49,1,50,121,1,122
638,NonInvasiveFetalECGThorax2_normal_4,1,1,750,0,68,0,68,49,1,50,117,1,118
639,NonInvasiveFetalECGThorax2_normal_40,1,1,750,0,72,0,72,49,1,50,121,1,122
640,NonInvasiveFetalECGThorax2_normal_41,1,1,750,0,74,0,74,49,1,50,123,1,124
641,NonInvasiveFetalECGThorax2_normal_42,1,1,750,0,74,0,74,49,1,50,123,1,124
642,NonInvasiveFetalECGThorax2_normal_5,1,1,750,0,76,0,76,49,1,50,125,1,126
643,NonInvasiveFetalECGThorax2_normal_6,1,1,750,0,75,0,75,49,1,50,124,1,125
644,NonInvasiveFetalECGThorax2_normal_7,1,1,750,0,74,0,74,49,1,50,123,1,124
645,NonInvasiveFetalECGThorax2_normal_8,1,1,750,0,72,0,72,49,1,50,121,1,122
646,NonInvasiveFetalECGThorax2_normal_9,1,1,750,0,70,0,70,49,1,50,119,1,120
647,OSULeaf_normal_1,1,1,427,0,52,0,52,49,1,50,101,1,102
648,OSULeaf_normal_2,1,1,427,0,67,0,67,49,1,50,116,1,117
649,OSULeaf_normal_3,1,1,427,0,60,0,60,49,1,50,109,1,110
650,OSULeaf_normal_4,1,1,427,0,77,0,77,49,1,50,126,1,127
651,OSULeaf_normal_5,1,1,427,0,65,0,65,49,1,50,114,1,115
652,OSULeaf_normal_6,1,1,427,0,30,0,30,49,1,50,79,1,80
653,OliveOil_normal_1,1,1,570,0,8,0,8,49,1,50,57,1,58
654,OliveOil_normal_2,1,1,570,0,13,0,13,49,1,50,62,1,63
655,OliveOil_normal_3,1,1,570,0,6,0,6,49,1,50,55,1,56
656,OliveOil_normal_4,1,1,570,0,20,0,20,49,1,50,69,1,70
657,PLAID_normal_0,1,1,500,0,52,0,52,49,1,50,101,1,102
658,PLAID_normal_1,1,1,200,0,140,0,140,147,3,150,287,3,290
659,PLAID_normal_10,1,1,667,0,20,0,20,49,1,50,69,1,70
660,PLAID_normal_2,1,1,200,0,92,0,92,98,2,100,190,2,192
661,PLAID_normal_3,1,1,1000,0,30,0,30,49,1,50,79,1,80
662,PLAID_normal_4,1,1,200,0,124,0,124,147,3,150,271,3,274
663,PLAID_normal_5,1,1,300,0,28,0,28,49,1,50,77,1,78
664,PLAID_normal_6,1,1,200,0,91,0,91,98,2,100,189,2,191
665,PLAID_normal_7,1,1,200,0,137,0,137,147,3,150,284,3,287
666,PLAID_normal_8,1,1,500,0,111,0,111,98,2,100,209,2,211
667,PLAID_normal_9,1,1,200,0,30,0,30,49,1,50,79,1,80
668,PhalangesOutlinesCorrect_normal_0,1,1,80,0,768,0,768,931,19,950,1699,19,1718
669,PhalangesOutlinesCorrect_normal_1,1,1,80,0,1358,0,1358,1666,34,1700,3024,34,3058
670,Phoneme_normal_1,1,1,1024,0,33,0,33,49,1,50,82,1,83
671,Phoneme_normal_10,1,1,1024,0,2,0,2,49,1,50,51,1,52
672,Phoneme_normal_11,1,1,1024,0,52,0,52,49,1,50,101,1,102
673,Phoneme_normal_12,1,1,1024,0,54,0,54,49,1,50,103,1,104
674,Phoneme_normal_13,1,1,1024,0,32,0,32,49,1,50,81,1,82
675,Phoneme_normal_14,1,1,1024,0,30,0,30,49,1,50,79,1,80
676,Phoneme_normal_15,1,1,1024,0,20,0,20,49,1,50,69,1,70
677,Phoneme_normal_16,1,1,1024,0,13,0,13,49,1,50,62,1,63
678,Phoneme_normal_17,1,1,1024,0,87,0,87,98,2,100,185,2,187
679,Phoneme_normal_18,1,1,1024,0,66,0,66,49,1,50,115,1,116
680,Phoneme_normal_19,1,1,1024,0,14,0,14,49,1,50,63,1,64
681,Phoneme_normal_2,1,1,1024,0,43,0,43,49,1,50,92,1,93
682,Phoneme_normal_20,1,1,1024,0,80,0,80,98,2,100,178,2,180
683,Phoneme_normal_21,1,1,1024,0,100,0,100,98,2,100,198,2,200
684,Phoneme_normal_22,1,1,1024,0,56,0,56,49,1,50,105,1,106
685,Phoneme_normal_23,1,1,1024,0,119,0,119,147,3,150,266,3,269
686,Phoneme_normal_24,1,1,1024,0,17,0,17,49,1,50,66,1,67
687,Phoneme_normal_25,1,1,1024,0,25,0,25,49,1,50,74,1,75
688,Phoneme_normal_26,1,1,1024,0,3,0,3,49,1,50,52,1,53
689,Phoneme_normal_27,1,1,1024,0,51,0,51,49,1,50,100,1,101
690,Phoneme_normal_28,1,1,1024,0,90,0,90,98,2,100,188,2,190
691,Phoneme_normal_29,1,1,1024,0,98,0,98,98,2,100,196,2,198
692,Phoneme_normal_3,1,1,1024,0,190,0,190,196,4,200,386,4,390
693,Phoneme_normal_30,1,1,1024,0,22,0,22,49,1,50,71,1,72
694,Phoneme_normal_31,1,1,1024,0,116,0,116,98,2,100,214,2,216
695,Phoneme_normal_32,1,1,1024,0,7,0,7,49,1,50,56,1,57
696,Phoneme_normal_33,1,1,1024,0,4,0,4,49,1,50,53,1,54
697,Phoneme_normal_34,1,1,1024,0,18,0,18,49,1,50,67,1,68
698,Phoneme_normal_35,1,1,1024,0,22,0,22,49,1,50,71,1,72
699,Phoneme_normal_36,1,1,1024,0,16,0,16,49,1,50,65,1,66
700,Phoneme_normal_37,1,1,1024,0,11,0,11,49,1,50,60,1,61
701,Phoneme_normal_38,1,1,1024,0,19,0,19,49,1,50,68,1,69
702,Phoneme_normal_39,1,1,1024,0,1,0,1,49,1,50,50,1,51
703,Phoneme_normal_4,1,1,1024,0,20,0,20,49,1,50,69,1,70
704,Phoneme_normal_5,1,1,1024,0,7,0,7,49,1,50,56,1,57
705,Phoneme_normal_6,1,1,1024,0,26,0,26,49,1,50,75,1,76
706,Phoneme_normal_7,1,1,1024,0,37,0,37,49,1,50,86,1,87
707,Phoneme_normal_8,1,1,1024,0,9,0,9,49,1,50,58,1,59
708,Phoneme_normal_9,1,1,1024,0,62,0,62,49,1,50,111,1,112
709,PickupGestureWiimoteZ_normal_1,1,1,324,0,8,0,8,49,1,50,57,1,58
710,PickupGestureWiimoteZ_normal_10,1,1,149,0,8,0,8,49,1,50,57,1,58
711,PickupGestureWiimoteZ_normal_2,1,1,158,0,8,0,8,49,1,50,57,1,58
712,PickupGestureWiimoteZ_normal_3,1,1,97,0,8,0,8,49,1,50,57,1,58
713,PickupGestureWiimoteZ_normal_4,1,1,170,0,8,0,8,49,1,50,57,1,58
714,PickupGestureWiimoteZ_normal_5,1,1,108,0,8,0,8,49,1,50,57,1,58
715,PickupGestureWiimoteZ_normal_6,1,1,130,0,8,0,8,49,1,50,57,1,58
716,PickupGestureWiimoteZ_normal_7,1,1,86,0,8,0,8,49,1,50,57,1,58
717,PickupGestureWiimoteZ_normal_8,1,1,36,0,8,0,8,49,1,50,57,1,58
718,PickupGestureWiimoteZ_normal_9,1,1,200,0,8,0,8,49,1,50,57,1,58
719,PigAirwayPressure_normal_1,1,1,2000,0,4,0,4,49,1,50,53,1,54
720,PigAirwayPressure_normal_10,1,1,2000,0,4,0,4,49,1,50,53,1,54
721,PigAirwayPressure_normal_11,1,1,2000,0,4,0,4,49,1,50,53,1,54
722,PigAirwayPressure_normal_12,1,1,2000,0,4,0,4,49,1,50,53,1,54
723,PigAirwayPressure_normal_13,1,1,2000,0,4,0,4,49,1,50,53,1,54
724,PigAirwayPressure_normal_14,1,1,2000,0,4,0,4,49,1,50,53,1,54
725,PigAirwayPressure_normal_15,1,1,2000,0,4,0,4,49,1,50,53,1,54
726,PigAirwayPressure_normal_16,1,1,2000,0,4,0,4,49,1,50,53,1,54
727,PigAirwayPressure_normal_17,1,1,2000,0,4,0,4,49,1,50,53,1,54
728,PigAirwayPressure_normal_18,1,1,2000,0,4,0,4,49,1,50,53,1,54
729,PigAirwayPressure_normal_19,1,1,2000,0,4,0,4,49,1,50,53,1,54
730,PigAirwayPressure_normal_2,1,1,2000,0,4,0,4,49,1,50,53,1,54
731,PigAirwayPressure_normal_20,1,1,2000,0,4,0,4,49,1,50,53,1,54
732,PigAirwayPressure_normal_21,1,1,2000,0,4,0,4,49,1,50,53,1,54
733,PigAirwayPressure_normal_22,1,1,2000,0,4,0,4,49,1,50,53,1,54
734,PigAirwayPressure_normal_23,1,1,2000,0,4,0,4,49,1,50,53,1,54
735,PigAirwayPressure_normal_24,1,1,2000,0,4,0,4,49,1,50,53,1,54
736,PigAirwayPressure_normal_25,1,1,2000,0,4,0,4,49,1,50,53,1,54
737,PigAirwayPressure_normal_26,1,1,2000,0,4,0,4,49,1,50,53,1,54
738,PigAirwayPressure_normal_27,1,1,2000,0,4,0,4,49,1,50,53,1,54
739,PigAirwayPressure_normal_28,1,1,2000,0,4,0,4,49,1,50,53,1,54
740,PigAirwayPressure_normal_29,1,1,2000,0,4,0,4,49,1,50,53,1,54
741,PigAirwayPressure_normal_3,1,1,2000,0,4,0,4,49,1,50,53,1,54
742,PigAirwayPressure_normal_30,1,1,2000,0,4,0,4,49,1,50,53,1,54
743,PigAirwayPressure_normal_31,1,1,2000,0,4,0,4,49,1,50,53,1,54
744,PigAirwayPressure_normal_32,1,1,2000,0,4,0,4,49,1,50,53,1,54
745,PigAirwayPressure_normal_33,1,1,2000,0,4,0,4,49,1,50,53,1,54
746,PigAirwayPressure_normal_34,1,1,2000,0,4,0,4,49,1,50,53,1,54
747,PigAirwayPressure_normal_35,1,1,2000,0,4,0,4,49,1,50,53,1,54
748,PigAirwayPressure_normal_36,1,1,2000,0,4,0,4,49,1,50,53,1,54
749,PigAirwayPressure_normal_37,1,1,2000,0,4,0,4,49,1,50,53,1,54
750,PigAirwayPressure_normal_38,1,1,2000,0,4,0,4,49,1,50,53,1,54
751,PigAirwayPressure_normal_39,1,1,2000,0,4,0,4,49,1,50,53,1,54
752,PigAirwayPressure_normal_4,1,1,2000,0,4,0,4,49,1,50,53,1,54
753,PigAirwayPressure_normal_40,1,1,2000,0,4,0,4,49,1,50,53,1,54
754,PigAirwayPressure_normal_41,1,1,2000,0,4,0,4,49,1,50,53,1,54
755,PigAirwayPressure_normal_42,1,1,2000,0,4,0,4,49,1,50,53,1,54
756,PigAirwayPressure_normal_43,1,1,2000,0,4,0,4,49,1,50,53,1,54
757,PigAirwayPressure_normal_44,1,1,2000,0,4,0,4,49,1,50,53,1,54
758,PigAirwayPressure_normal_45,1,1,2000,0,4,0,4,49,1,50,53,1,54
759,PigAirwayPressure_normal_46,1,1,2000,0,4,0,4,49,1,50,53,1,54
760,PigAirwayPressure_normal_47,1,1,2000,0,4,0,4,49,1,50,53,1,54
761,PigAirwayPressure_normal_48,1,1,2000,0,4,0,4,49,1,50,53,1,54
762,PigAirwayPressure_normal_49,1,1,2000,0,4,0,4,49,1,50,53,1,54
763,PigAirwayPressure_normal_5,1,1,2000,0,4,0,4,49,1,50,53,1,54
764,PigAirwayPressure_normal_50,1,1,2000,0,4,0,4,49,1,50,53,1,54
765,PigAirwayPressure_normal_51,1,1,2000,0,4,0,4,49,1,50,53,1,54
766,PigAirwayPressure_normal_52,1,1,2000,0,4,0,4,49,1,50,53,1,54
767,PigAirwayPressure_normal_6,1,1,2000,0,4,0,4,49,1,50,53,1,54
768,PigAirwayPressure_normal_7,1,1,2000,0,4,0,4,49,1,50,53,1,54
769,PigAirwayPressure_normal_8,1,1,2000,0,4,0,4,49,1,50,53,1,54
770,PigAirwayPressure_normal_9,1,1,2000,0,4,0,4,49,1,50,53,1,54
771,PigArtPressure_normal_1,1,1,2000,0,4,0,4,49,1,50,53,1,54
772,PigArtPressure_normal_10,1,1,2000,0,4,0,4,49,1,50,53,1,54
773,PigArtPressure_normal_11,1,1,2000,0,4,0,4,49,1,50,53,1,54
774,PigArtPressure_normal_12,1,1,2000,0,4,0,4,49,1,50,53,1,54
775,PigArtPressure_normal_13,1,1,2000,0,4,0,4,49,1,50,53,1,54
776,PigArtPressure_normal_14,1,1,2000,0,4,0,4,49,1,50,53,1,54
777,PigArtPressure_normal_15,1,1,2000,0,4,0,4,49,1,50,53,1,54
778,PigArtPressure_normal_16,1,1,2000,0,4,0,4,49,1,50,53,1,54
779,PigArtPressure_normal_17,1,1,2000,0,4,0,4,49,1,50,53,1,54
780,PigArtPressure_normal_18,1,1,2000,0,4,0,4,49,1,50,53,1,54
781,PigArtPressure_normal_19,1,1,2000,0,4,0,4,49,1,50,53,1,54
782,PigArtPressure_normal_2,1,1,2000,0,4,0,4,49,1,50,53,1,54
783,PigArtPressure_normal_20,1,1,2000,0,4,0,4,49,1,50,53,1,54
784,PigArtPressure_normal_21,1,1,2000,0,4,0,4,49,1,50,53,1,54
785,PigArtPressure_normal_22,1,1,2000,0,4,0,4,49,1,50,53,1,54
786,PigArtPressure_normal_23,1,1,2000,0,4,0,4,49,1,50,53,1,54
787,PigArtPressure_normal_24,1,1,2000,0,4,0,4,49,1,50,53,1,54
788,PigArtPressure_normal_25,1,1,2000,0,4,0,4,49,1,50,53,1,54
789,PigArtPressure_normal_26,1,1,2000,0,4,0,4,49,1,50,53,1,54
790,PigArtPressure_normal_27,1,1,2000,0,4,0,4,49,1,50,53,1,54
791,PigArtPressure_normal_28,1,1,2000,0,4,0,4,49,1,50,53,1,54
792,PigArtPressure_normal_29,1,1,2000,0,4,0,4,49,1,50,53,1,54
793,PigArtPressure_normal_3,1,1,2000,0,4,0,4,49,1,50,53,1,54
794,PigArtPressure_normal_30,1,1,2000,0,4,0,4,49,1,50,53,1,54
795,PigArtPressure_normal_31,1,1,2000,0,4,0,4,49,1,50,53,1,54
796,PigArtPressure_normal_32,1,1,2000,0,4,0,4,49,1,50,53,1,54
797,PigArtPressure_normal_33,1,1,2000,0,4,0,4,49,1,50,53,1,54
798,PigArtPressure_normal_34,1,1,2000,0,4,0,4,49,1,50,53,1,54
799,PigArtPressure_normal_35,1,1,2000,0,4,0,4,49,1,50,53,1,54
800,PigArtPressure_normal_36,1,1,2000,0,4,0,4,49,1,50,53,1,54
801,PigArtPressure_normal_37,1,1,2000,0,4,0,4,49,1,50,53,1,54
802,PigArtPressure_normal_38,1,1,2000,0,4,0,4,49,1,50,53,1,54
803,PigArtPressure_normal_39,1,1,2000,0,4,0,4,49,1,50,53,1,54
804,PigArtPressure_normal_4,1,1,2000,0,4,0,4,49,1,50,53,1,54
805,PigArtPressure_normal_40,1,1,2000,0,4,0,4,49,1,50,53,1,54
806,PigArtPressure_normal_41,1,1,2000,0,4,0,4,49,1,50,53,1,54
807,PigArtPressure_normal_42,1,1,2000,0,4,0,4,49,1,50,53,1,54
808,PigArtPressure_normal_43,1,1,2000,0,4,0,4,49,1,50,53,1,54
809,PigArtPressure_normal_44,1,1,2000,0,4,0,4,49,1,50,53,1,54
810,PigArtPressure_normal_45,1,1,2000,0,4,0,4,49,1,50,53,1,54
811,PigArtPressure_normal_46,1,1,2000,0,4,0,4,49,1,50,53,1,54
812,PigArtPressure_normal_47,1,1,2000,0,4,0,4,49,1,50,53,1,54
813,PigArtPressure_normal_48,1,1,2000,0,4,0,4,49,1,50,53,1,54
814,PigArtPressure_normal_49,1,1,2000,0,4,0,4,49,1,50,53,1,54
815,PigArtPressure_normal_5,1,1,2000,0,4,0,4,49,1,50,53,1,54
816,PigArtPressure_normal_50,1,1,2000,0,4,0,4,49,1,50,53,1,54
817,PigArtPressure_normal_51,1,1,2000,0,4,0,4,49,1,50,53,1,54
818,PigArtPressure_normal_52,1,1,2000,0,4,0,4,49,1,50,53,1,54
819,PigArtPressure_normal_6,1,1,2000,0,4,0,4,49,1,50,53,1,54
820,PigArtPressure_normal_7,1,1,2000,0,4,0,4,49,1,50,53,1,54
821,PigArtPressure_normal_8,1,1,2000,0,4,0,4,49,1,50,53,1,54
822,PigArtPressure_normal_9,1,1,2000,0,4,0,4,49,1,50,53,1,54
823,PigCVP_normal_1,1,1,2000,0,4,0,4,49,1,50,53,1,54
824,PigCVP_normal_10,1,1,2000,0,4,0,4,49,1,50,53,1,54
825,PigCVP_normal_11,1,1,2000,0,4,0,4,49,1,50,53,1,54
826,PigCVP_normal_12,1,1,2000,0,4,0,4,49,1,50,53,1,54
827,PigCVP_normal_13,1,1,2000,0,4,0,4,49,1,50,53,1,54
828,PigCVP_normal_14,1,1,2000,0,4,0,4,49,1,50,53,1,54
829,PigCVP_normal_15,1,1,2000,0,4,0,4,49,1,50,53,1,54
830,PigCVP_normal_16,1,1,2000,0,4,0,4,49,1,50,53,1,54
831,PigCVP_normal_17,1,1,2000,0,4,0,4,49,1,50,53,1,54
832,PigCVP_normal_18,1,1,2000,0,4,0,4,49,1,50,53,1,54
833,PigCVP_normal_19,1,1,2000,0,4,0,4,49,1,50,53,1,54
834,PigCVP_normal_2,1,1,2000,0,4,0,4,49,1,50,53,1,54
835,PigCVP_normal_20,1,1,2000,0,4,0,4,49,1,50,53,1,54
836,PigCVP_normal_21,1,1,2000,0,4,0,4,49,1,50,53,1,54
837,PigCVP_normal_22,1,1,2000,0,4,0,4,49,1,50,53,1,54
838,PigCVP_normal_23,1,1,2000,0,4,0,4,49,1,50,53,1,54
839,PigCVP_normal_24,1,1,2000,0,4,0,4,49,1,50,53,1,54
840,PigCVP_normal_25,1,1,2000,0,4,0,4,49,1,50,53,1,54
841,PigCVP_normal_26,1,1,2000,0,4,0,4,49,1,50,53,1,54
842,PigCVP_normal_27,1,1,2000,0,4,0,4,49,1,50,53,1,54
843,PigCVP_normal_28,1,1,2000,0,4,0,4,49,1,50,53,1,54
844,PigCVP_normal_29,1,1,2000,0,4,0,4,49,1,50,53,1,54
845,PigCVP_normal_3,1,1,2000,0,4,0,4,49,1,50,53,1,54
846,PigCVP_normal_30,1,1,2000,0,4,0,4,49,1,50,53,1,54
847,PigCVP_normal_31,1,1,2000,0,4,0,4,49,1,50,53,1,54
848,PigCVP_normal_32,1,1,2000,0,4,0,4,49,1,50,53,1,54
849,PigCVP_normal_33,1,1,2000,0,4,0,4,49,1,50,53,1,54
850,PigCVP_normal_34,1,1,2000,0,4,0,4,49,1,50,53,1,54
851,PigCVP_normal_35,1,1,2000,0,4,0,4,49,1,50,53,1,54
852,PigCVP_normal_36,1,1,2000,0,4,0,4,49,1,50,53,1,54
853,PigCVP_normal_37,1,1,2000,0,4,0,4,49,1,50,53,1,54
854,PigCVP_normal_38,1,1,2000,0,4,0,4,49,1,50,53,1,54
855,PigCVP_normal_39,1,1,2000,0,4,0,4,49,1,50,53,1,54
856,PigCVP_normal_4,1,1,2000,0,4,0,4,49,1,50,53,1,54
857,PigCVP_normal_40,1,1,2000,0,4,0,4,49,1,50,53,1,54
858,PigCVP_normal_41,1,1,2000,0,4,0,4,49,1,50,53,1,54
859,PigCVP_normal_42,1,1,2000,0,4,0,4,49,1,50,53,1,54
860,PigCVP_normal_43,1,1,2000,0,4,0,4,49,1,50,53,1,54
861,PigCVP_normal_44,1,1,2000,0,4,0,4,49,1,50,53,1,54
862,PigCVP_normal_45,1,1,2000,0,4,0,4,49,1,50,53,1,54
863,PigCVP_normal_46,1,1,2000,0,4,0,4,49,1,50,53,1,54
864,PigCVP_normal_47,1,1,2000,0,4,0,4,49,1,50,53,1,54
865,PigCVP_normal_48,1,1,2000,0,4,0,4,49,1,50,53,1,54
866,PigCVP_normal_49,1,1,2000,0,4,0,4,49,1,50,53,1,54
867,PigCVP_normal_5,1,1,2000,0,4,0,4,49,1,50,53,1,54
868,PigCVP_normal_50,1,1,2000,0,4,0,4,49,1,50,53,1,54
869,PigCVP_normal_51,1,1,2000,0,4,0,4,49,1,50,53,1,54
870,PigCVP_normal_52,1,1,2000,0,4,0,4,49,1,50,53,1,54
871,PigCVP_normal_6,1,1,2000,0,4,0,4,49,1,50,53,1,54
872,PigCVP_normal_7,1,1,2000,0,4,0,4,49,1,50,53,1,54
873,PigCVP_normal_8,1,1,2000,0,4,0,4,49,1,50,53,1,54
874,PigCVP_normal_9,1,1,2000,0,4,0,4,49,1,50,53,1,54
875,Plane_normal_1,1,1,144,0,24,0,24,49,1,50,73,1,74
876,Plane_normal_2,1,1,144,0,24,0,24,49,1,50,73,1,74
877,Plane_normal_3,1,1,144,0,24,0,24,49,1,50,73,1,74
878,Plane_normal_4,1,1,144,0,24,0,24,49,1,50,73,1,74
879,Plane_normal_5,1,1,144,0,24,0,24,49,1,50,73,1,74
880,Plane_normal_6,1,1,144,0,24,0,24,49,1,50,73,1,74
881,Plane_normal_7,1,1,144,0,24,0,24,49,1,50,73,1,74
882,PowerCons_normal_1,1,1,144,0,144,0,144,147,3,150,291,3,294
883,PowerCons_normal_2,1,1,144,0,144,0,144,147,3,150,291,3,294
884,ProximalPhalanxOutlineAgeGroup_normal_1,1,1,80,0,71,0,71,49,1,50,120,1,121
885,ProximalPhalanxOutlineAgeGroup_normal_2,1,1,80,0,181,0,181,196,4,200,377,4,381
886,ProximalPhalanxOutlineAgeGroup_normal_3,1,1,80,0,231,0,231,245,5,250,476,5,481
887,ProximalPhalanxOutlineCorrect_normal_0,1,1,80,0,228,0,228,245,5,250,473,5,478
888,ProximalPhalanxOutlineCorrect_normal_1,1,1,80,0,484,0,484,588,12,600,1072,12,1084
889,ProximalPhalanxTW_normal_3,1,1,80,0,14,0,14,49,1,50,63,1,64
890,ProximalPhalanxTW_normal_4,1,1,80,0,140,0,140,147,3,150,287,3,290
891,ProximalPhalanxTW_normal_5,1,1,80,0,78,0,78,98,2,100,176,2,178
892,ProximalPhalanxTW_normal_6,1,1,80,0,24,0,24,49,1,50,73,1,74
893,ProximalPhalanxTW_normal_7,1,1,80,0,24,0,24,49,1,50,73,1,74
894,ProximalPhalanxTW_normal_8,1,1,80,0,201,0,201,245,5,250,446,5,451
895,RefrigerationDevices_normal_1,1,1,720,0,200,0,200,245,5,250,445,5,450
896,RefrigerationDevices_normal_2,1,1,720,0,200,0,200,245,5,250,445,5,450
897,RefrigerationDevices_normal_3,1,1,720,0,200,0,200,245,5,250,445,5,450
898,Rock_normal_1,1,1,2844,0,20,0,20,49,1,50,69,1,70
899,Rock_normal_2,1,1,2844,0,11,0,11,49,1,50,60,1,61
900,Rock_normal_3,1,1,2844,0,8,0,8,49,1,50,57,1,58
901,Rock_normal_4,1,1,2844,0,15,0,15,49,1,50,64,1,65
902,ScreenType_normal_1,1,1,720,0,200,0,200,245,5,250,445,5,450
903,ScreenType_normal_2,1,1,720,0,200,0,200,245,5,250,445,5,450
904,ScreenType_normal_3,1,1,720,0,200,0,200,245,5,250,445,5,450
905,SemgHandGenderCh2_normal_1,1,1,1500,0,432,0,432,539,11,550,971,11,982
906,SemgHandGenderCh2_normal_2,1,1,1500,0,288,0,288,343,7,350,631,7,638
907,SemgHandMovementCh2_normal_1,1,1,1500,0,120,0,120,147,3,150,267,3,270
908,SemgHandMovementCh2_normal_2,1,1,1500,0,120,0,120,147,3,150,267,3,270
909,SemgHandMovementCh2_normal_3,1,1,1500,0,120,0,120,147,3,150,267,3,270
910,SemgHandMovementCh2_normal_4,1,1,1500,0,120,0,120,147,3,150,267,3,270
911,SemgHandMovementCh2_normal_5,1,1,1500,0,120,0,120,147,3,150,267,3,270
912,SemgHandMovementCh2_normal_6,1,1,1500,0,120,0,120,147,3,150,267,3,270
913,SemgHandSubjectCh2_normal_1,1,1,1500,0,144,0,144,147,3,150,291,3,294
914,SemgHandSubjectCh2_normal_2,1,1,1500,0,144,0,144,147,3,150,291,3,294
915,SemgHandSubjectCh2_normal_3,1,1,1500,0,144,0,144,147,3,150,291,3,294
916,SemgHandSubjectCh2_normal_4,1,1,1500,0,144,0,144,147,3,150,291,3,294
917,SemgHandSubjectCh2_normal_5,1,1,1500,0,144,0,144,147,3,150,291,3,294
918,ShakeGestureWiimoteZ_normal_1,1,1,266,0,8,0,8,49,1,50,57,1,58
919,ShakeGestureWiimoteZ_normal_10,1,1,115,0,8,0,8,49,1,50,57,1,58
920,ShakeGestureWiimoteZ_normal_2,1,1,231,0,8,0,8,49,1,50,57,1,58
921,ShakeGestureWiimoteZ_normal_3,1,1,132,0,8,0,8,49,1,50,57,1,58
922,ShakeGestureWiimoteZ_normal_4,1,1,190,0,8,0,8,49,1,50,57,1,58
923,ShakeGestureWiimoteZ_normal_5,1,1,63,0,8,0,8,49,1,50,57,1,58
924,ShakeGestureWiimoteZ_normal_6,1,1,209,0,8,0,8,49,1,50,57,1,58
925,ShakeGestureWiimoteZ_normal_7,1,1,98,0,8,0,8,49,1,50,57,1,58
926,ShakeGestureWiimoteZ_normal_8,1,1,103,0,8,0,8,49,1,50,57,1,58
927,ShakeGestureWiimoteZ_normal_9,1,1,235,0,8,0,8,49,1,50,57,1,58
928,ShapeletSim_normal_0,1,1,500,0,80,0,80,98,2,100,178,2,180
929,ShapeletSim_normal_1,1,1,500,0,80,0,80,98,2,100,178,2,180
930,ShapesAll_normal_1,1,1,512,0,16,0,16,49,1,50,65,1,66
931,ShapesAll_normal_10,1,1,512,0,16,0,16,49,1,50,65,1,66
932,ShapesAll_normal_11,1,1,512,0,16,0,16,49,1,50,65,1,66
933,ShapesAll_normal_12,1,1,512,0,16,0,16,49,1,50,65,1,66
934,ShapesAll_normal_13,1,1,512,0,16,0,16,49,1,50,65,1,66
935,ShapesAll_normal_14,1,1,512,0,16,0,16,49,1,50,65,1,66
936,ShapesAll_normal_15,1,1,512,0,16,0,16,49,1,50,65,1,66
937,ShapesAll_normal_16,1,1,512,0,16,0,16,49,1,50,65,1,66
938,ShapesAll_normal_17,1,1,512,0,16,0,16,49,1,50,65,1,66
939,ShapesAll_normal_18,1,1,512,0,16,0,16,49,1,50,65,1,66
940,ShapesAll_normal_19,1,1,512,0,16,0,16,49,1,50,65,1,66
941,ShapesAll_normal_2,1,1,512,0,16,0,16,49,1,50,65,1,66
942,ShapesAll_normal_20,1,1,512,0,16,0,16,49,1,50,65,1,66
943,ShapesAll_normal_21,1,1,512,0,16,0,16,49,1,50,65,1,66
944,ShapesAll_normal_22,1,1,512,0,16,0,16,49,1,50,65,1,66
945,ShapesAll_normal_23,1,1,512,0,16,0,16,49,1,50,65,1,66
946,ShapesAll_normal_24,1,1,512,0,16,0,16,49,1,50,65,1,66
947,ShapesAll_normal_25,1,1,512,0,16,0,16,49,1,50,65,1,66
948,ShapesAll_normal_26,1,1,512,0,16,0,16,49,1,50,65,1,66
949,ShapesAll_normal_27,1,1,512,0,16,0,16,49,1,50,65,1,66
950,ShapesAll_normal_28,1,1,512,0,16,0,16,49,1,50,65,1,66
951,ShapesAll_normal_29,1,1,512,0,16,0,16,49,1,50,65,1,66
952,ShapesAll_normal_3,1,1,512,0,16,0,16,49,1,50,65,1,66
953,ShapesAll_normal_30,1,1,512,0,16,0,16,49,1,50,65,1,66
954,ShapesAll_normal_31,1,1,512,0,16,0,16,49,1,50,65,1,66
955,ShapesAll_normal_32,1,1,512,0,16,0,16,49,1,50,65,1,66
956,ShapesAll_normal_33,1,1,512,0,16,0,16,49,1,50,65,1,66
957,ShapesAll_normal_34,1,1,512,0,16,0,16,49,1,50,65,1,66
958,ShapesAll_normal_35,1,1,512,0,16,0,16,49,1,50,65,1,66
959,ShapesAll_normal_36,1,1,512,0,16,0,16,49,1,50,65,1,66
960,ShapesAll_normal_37,1,1,512,0,16,0,16,49,1,50,65,1,66
961,ShapesAll_normal_38,1,1,512,0,16,0,16,49,1,50,65,1,66
962,ShapesAll_normal_39,1,1,512,0,16,0,16,49,1,50,65,1,66
963,ShapesAll_normal_4,1,1,512,0,16,0,16,49,1,50,65,1,66
964,ShapesAll_normal_40,1,1,512,0,16,0,16,49,1,50,65,1,66
965,ShapesAll_normal_41,1,1,512,0,16,0,16,49,1,50,65,1,66
966,ShapesAll_normal_42,1,1,512,0,16,0,16,49,1,50,65,1,66
967,ShapesAll_normal_43,1,1,512,0,16,0,16,49,1,50,65,1,66
968,ShapesAll_normal_44,1,1,512,0,16,0,16,49,1,50,65,1,66
969,ShapesAll_normal_45,1,1,512,0,16,0,16,49,1,50,65,1,66
970,ShapesAll_normal_46,1,1,512,0,16,0,16,49,1,50,65,1,66
971,ShapesAll_normal_47,1,1,512,0,16,0,16,49,1,50,65,1,66
972,ShapesAll_normal_48,1,1,512,0,16,0,16,49,1,50,65,1,66
973,ShapesAll_normal_49,1,1,512,0,16,0,16,49,1,50,65,1,66
974,ShapesAll_normal_5,1,1,512,0,16,0,16,49,1,50,65,1,66
975,ShapesAll_normal_50,1,1,512,0,16,0,16,49,1,50,65,1,66
976,ShapesAll_normal_51,1,1,512,0,16,0,16,49,1,50,65,1,66
977,ShapesAll_normal_52,1,1,512,0,16,0,16,49,1,50,65,1,66
978,ShapesAll_normal_53,1,1,512,0,16,0,16,49,1,50,65,1,66
979,ShapesAll_normal_54,1,1,512,0,16,0,16,49,1,50,65,1,66
980,ShapesAll_normal_55,1,1,512,0,16,0,16,49,1,50,65,1,66
981,ShapesAll_normal_56,1,1,512,0,16,0,16,49,1,50,65,1,66
982,ShapesAll_normal_57,1,1,512,0,16,0,16,49,1,50,65,1,66
983,ShapesAll_normal_58,1,1,512,0,16,0,16,49,1,50,65,1,66
984,ShapesAll_normal_59,1,1,512,0,16,0,16,49,1,50,65,1,66
985,ShapesAll_normal_6,1,1,512,0,16,0,16,49,1,50,65,1,66
986,ShapesAll_normal_60,1,1,512,0,16,0,16,49,1,50,65,1,66
987,ShapesAll_normal_7,1,1,512,0,16,0,16,49,1,50,65,1,66
988,ShapesAll_normal_8,1,1,512,0,16,0,16,49,1,50,65,1,66
989,ShapesAll_normal_9,1,1,512,0,16,0,16,49,1,50,65,1,66
990,SmallKitchenAppliances_normal_1,1,1,720,0,200,0,200,245,5,250,445,5,450
991,SmallKitchenAppliances_normal_2,1,1,720,0,200,0,200,245,5,250,445,5,450
992,SmallKitchenAppliances_normal_3,1,1,720,0,200,0,200,245,5,250,445,5,450
993,SmoothSubspace_normal_1,1,1,15,0,80,0,80,98,2,100,178,2,180
994,SmoothSubspace_normal_2,1,1,15,0,80,0,80,98,2,100,178,2,180
995,SmoothSubspace_normal_3,1,1,15,0,80,0,80,98,2,100,178,2,180
996,SonyAIBORobotSurface1_normal_1,1,1,70,0,279,0,279,343,7,350,622,7,629
997,SonyAIBORobotSurface1_normal_2,1,1,70,0,217,0,217,245,5,250,462,5,467
998,SonyAIBORobotSurface2_normal_1,1,1,65,0,300,0,300,343,7,350,643,7,650
999,SonyAIBORobotSurface2_normal_2,1,1,65,0,483,0,483,588,12,600,1071,12,1083
1000,StarLightCurves_normal_1,1,1,1024,0,1063,0,1063,1323,27,1350,2386,27,2413
1001,StarLightCurves_normal_2,1,1,1024,0,2064,0,2064,2548,52,2600,4612,52,4664
1002,StarLightCurves_normal_3,1,1,1024,0,4261,0,4261,5292,108,5400,9553,108,9661
1003,Strawberry_normal_1,1,1,235,0,280,0,280,343,7,350,623,7,630
1004,Strawberry_normal_2,1,1,235,0,505,0,505,588,12,600,1093,12,1105
1005,SwedishLeaf_normal_1,1,1,128,0,60,0,60,49,1,50,109,1,110
1006,SwedishLeaf_normal_10,1,1,128,0,60,0,60,49,1,50,109,1,110
1007,SwedishLeaf_normal_11,1,1,128,0,60,0,60,49,1,50,109,1,110
1008,SwedishLeaf_normal_12,1,1,128,0,60,0,60,49,1,50,109,1,110
1009,SwedishLeaf_normal_13,1,1,128,0,60,0,60,49,1,50,109,1,110
1010,SwedishLeaf_normal_14,1,1,128,0,60,0,60,49,1,50,109,1,110
1011,SwedishLeaf_normal_15,1,1,128,0,60,0,60,49,1,50,109,1,110
1012,SwedishLeaf_normal_2,1,1,128,0,60,0,60,49,1,50,109,1,110
1013,SwedishLeaf_normal_3,1,1,128,0,60,0,60,49,1,50,109,1,110
1014,SwedishLeaf_normal_4,1,1,128,0,60,0,60,49,1,50,109,1,110
1015,SwedishLeaf_normal_5,1,1,128,0,60,0,60,49,1,50,109,1,110
1016,SwedishLeaf_normal_6,1,1,128,0,60,0,60,49,1,50,109,1,110
1017,SwedishLeaf_normal_7,1,1,128,0,60,0,60,49,1,50,109,1,110
1018,SwedishLeaf_normal_8,1,1,128,0,60,0,60,49,1,50,109,1,110
1019,SwedishLeaf_normal_9,1,1,128,0,60,0,60,49,1,50,109,1,110
1020,Symbols_normal_1,1,1,398,0,144,0,144,147,3,150,291,3,294
1021,Symbols_normal_2,1,1,398,0,129,0,129,147,3,150,276,3,279
1022,Symbols_normal_3,1,1,398,0,133,0,133,147,3,150,280,3,283
1023,Symbols_normal_4,1,1,398,0,144,0,144,147,3,150,291,3,294
1024,Symbols_normal_5,1,1,398,0,129,0,129,147,3,150,276,3,279
1025,Symbols_normal_6,1,1,398,0,133,0,133,147,3,150,280,3,283
1026,SyntheticControl_normal_1,1,1,60,0,80,0,80,98,2,100,178,2,180
1027,SyntheticControl_normal_2,1,1,60,0,80,0,80,98,2,100,178,2,180
1028,SyntheticControl_normal_3,1,1,60,0,80,0,80,98,2,100,178,2,180
1029,SyntheticControl_normal_4,1,1,60,0,80,0,80,98,2,100,178,2,180
1030,SyntheticControl_normal_5,1,1,60,0,80,0,80,98,2,100,178,2,180
1031,SyntheticControl_normal_6,1,1,60,0,80,0,80,98,2,100,178,2,180
1032,ToeSegmentation1_normal_0,1,1,277,0,112,0,112,98,2,100,210,2,212
1033,ToeSegmentation1_normal_1,1,1,277,0,102,0,102,98,2,100,200,2,202
1034,ToeSegmentation2_normal_0,1,1,343,0,99,0,99,98,2,100,197,2,199
1035,ToeSegmentation2_normal_1,1,1,343,0,33,0,33,49,1,50,82,1,83
1036,Trace_normal_1,1,1,275,0,40,0,40,49,1,50,89,1,90
1037,Trace_normal_2,1,1,275,0,40,0,40,49,1,50,89,1,90
1038,Trace_normal_3,1,1,275,0,40,0,40,49,1,50,89,1,90
1039,Trace_normal_4,1,1,275,0,40,0,40,49,1,50,89,1,90
1040,TwoLeadECG_normal_1,1,1,82,0,464,0,464,539,11,550,1003,11,1014
1041,TwoLeadECG_normal_2,1,1,82,0,464,0,464,539,11,550,1003,11,1014
1042,TwoPatterns_normal_1,1,1,128,0,1044,0,1044,1274,26,1300,2318,26,2344
1043,TwoPatterns_normal_2,1,1,128,0,998,0,998,1225,25,1250,2223,25,2248
1044,TwoPatterns_normal_3,1,1,128,0,996,0,996,1225,25,1250,2221,25,2246
1045,TwoPatterns_normal_4,1,1,128,0,960,0,960,1176,24,1200,2136,24,2160
1046,UMD_normal_1,1,1,150,0,48,0,48,49,1,50,97,1,98
1047,UMD_normal_2,1,1,150,0,48,0,48,49,1,50,97,1,98
1048,UMD_normal_3,1,1,150,0,48,0,48,49,1,50,97,1,98
1049,UWaveGestureLibraryAll_normal_1,1,1,945,0,447,0,447,539,11,550,986,11,997
1050,UWaveGestureLibraryAll_normal_2,1,1,945,0,448,0,448,539,11,550,987,11,998
1051,UWaveGestureLibraryAll_normal_3,1,1,945,0,448,0,448,539,11,550,987,11,998
1052,UWaveGestureLibraryAll_normal_4,1,1,945,0,448,0,448,539,11,550,987,11,998
1053,UWaveGestureLibraryAll_normal_5,1,1,945,0,448,0,448,539,11,550,987,11,998
1054,UWaveGestureLibraryAll_normal_6,1,1,945,0,448,0,448,539,11,550,987,11,998
1055,UWaveGestureLibraryAll_normal_7,1,1,945,0,447,0,447,539,11,550,986,11,997
1056,UWaveGestureLibraryAll_normal_8,1,1,945,0,448,0,448,539,11,550,987,11,998
1057,UWaveGestureLibraryX_normal_1,1,1,315,0,447,0,447,539,11,550,986,11,997
1058,UWaveGestureLibraryX_normal_2,1,1,315,0,448,0,448,539,11,550,987,11,998
1059,UWaveGestureLibraryX_normal_3,1,1,315,0,448,0,448,539,11,550,987,11,998
1060,UWaveGestureLibraryX_normal_4,1,1,315,0,448,0,448,539,11,550,987,11,998
1061,UWaveGestureLibraryX_normal_5,1,1,315,0,448,0,448,539,11,550,987,11,998
1062,UWaveGestureLibraryX_normal_6,1,1,315,0,448,0,448,539,11,550,987,11,998
1063,UWaveGestureLibraryX_normal_7,1,1,315,0,447,0,447,539,11,550,986,11,997
1064,UWaveGestureLibraryX_normal_8,1,1,315,0,448,0,448,539,11,550,987,11,998
1065,UWaveGestureLibraryY_normal_1,1,1,315,0,447,0,447,539,11,550,986,11,997
1066,UWaveGestureLibraryY_normal_2,1,1,315,0,448,0,448,539,11,550,987,11,998
1067,UWaveGestureLibraryY_normal_3,1,1,315,0,448,0,448,539,11,550,987,11,998
1068,UWaveGestureLibraryY_normal_4,1,1,315,0,448,0,448,539,11,550,987,11,998
1069,UWaveGestureLibraryY_normal_5,1,1,315,0,448,0,448,539,11,550,987,11,998
1070,UWaveGestureLibraryY_normal_6,1,1,315,0,448,0,448,539,11,550,987,11,998
1071,UWaveGestureLibraryY_normal_7,1,1,315,0,447,0,447,539,11,550,986,11,997
1072,UWaveGestureLibraryY_normal_8,1,1,315,0,448,0,448,539,11,550,987,11,998
1073,UWaveGestureLibraryZ_normal_1,1,1,315,0,447,0,447,539,11,550,986,11,997
1074,UWaveGestureLibraryZ_normal_2,1,1,315,0,448,0,448,539,11,550,987,11,998
1075,UWaveGestureLibraryZ_normal_3,1,1,315,0,448,0,448,539,11,550,987,11,998
1076,UWaveGestureLibraryZ_normal_4,1,1,315,0,448,0,448,539,11,550,987,11,998
1077,UWaveGestureLibraryZ_normal_5,1,1,315,0,448,0,448,539,11,550,987,11,998
1078,UWaveGestureLibraryZ_normal_6,1,1,315,0,448,0,448,539,11,550,987,11,998
1079,UWaveGestureLibraryZ_normal_7,1,1,315,0,447,0,447,539,11,550,986,11,997
1080,UWaveGestureLibraryZ_normal_8,1,1,315,0,448,0,448,539,11,550,987,11,998
1081,Wafer_normal_-1,1,1,152,0,609,0,609,735,15,750,1344,15,1359
1082,Wafer_normal_1,1,1,152,0,5121,0,5121,6370,130,6500,11491,130,11621
1083,Wine_normal_1,1,1,234,0,45,0,45,49,1,50,94,1,95
1084,Wine_normal_2,1,1,234,0,43,0,43,49,1,50,92,1,93
1085,WordSynonyms_normal_1,1,1,270,0,16,0,16,49,1,50,65,1,66
1086,WordSynonyms_normal_10,1,1,270,0,36,0,36,49,1,50,85,1,86
1087,WordSynonyms_normal_11,1,1,270,0,12,0,12,49,1,50,61,1,62
1088,WordSynonyms_normal_12,1,1,270,0,35,0,35,49,1,50,84,1,85
1089,WordSynonyms_normal_13,1,1,270,0,12,0,12,49,1,50,61,1,62
1090,WordSynonyms_normal_14,1,1,270,0,31,0,31,49,1,50,80,1,81
1091,WordSynonyms_normal_15,1,1,270,0,12,0,12,49,1,50,61,1,62
1092,WordSynonyms_normal_16,1,1,270,0,24,0,24,49,1,50,73,1,74
1093,WordSynonyms_normal_17,1,1,270,0,11,0,11,49,1,50,60,1,61
1094,WordSynonyms_normal_18,1,1,270,0,21,0,21,49,1,50,70,1,71
1095,WordSynonyms_normal_19,1,1,270,0,11,0,11,49,1,50,60,1,61
1096,WordSynonyms_normal_2,1,1,270,0,160,0,160,196,4,200,356,4,360
1097,WordSynonyms_normal_20,1,1,270,0,20,0,20,49,1,50,69,1,70
1098,WordSynonyms_normal_21,1,1,270,0,11,0,11,49,1,50,60,1,61
1099,WordSynonyms_normal_22,1,1,270,0,18,0,18,49,1,50,67,1,68
1100,WordSynonyms_normal_23,1,1,270,0,11,0,11,49,1,50,60,1,61
1101,WordSynonyms_normal_24,1,1,270,0,16,0,16,49,1,50,65,1,66
1102,WordSynonyms_normal_25,1,1,270,0,9,0,9,49,1,50,58,1,59
1103,WordSynonyms_normal_3,1,1,270,0,15,0,15,49,1,50,64,1,65
1104,WordSynonyms_normal_4,1,1,270,0,92,0,92,98,2,100,190,2,192
1105,WordSynonyms_normal_5,1,1,270,0,14,0,14,49,1,50,63,1,64
1106,WordSynonyms_normal_6,1,1,270,0,57,0,57,49,1,50,106,1,107
1107,WordSynonyms_normal_7,1,1,270,0,14,0,14,49,1,50,63,1,64
1108,WordSynonyms_normal_8,1,1,270,0,44,0,44,49,1,50,93,1,94
1109,WordSynonyms_normal_9,1,1,270,0,12,0,12,49,1,50,61,1,62
1115,WormsTwoClass_normal_1,1,1,900,0,87,0,87,98,2,100,185,2,187
1116,WormsTwoClass_normal_2,1,1,900,0,119,0,119,147,3,150,266,3,269
1110,Worms_normal_1,1,1,900,0,87,0,87,98,2,100,185,2,187
1111,Worms_normal_2,1,1,900,0,35,0,35,49,1,50,84,1,85
1112,Worms_normal_3,1,1,900,0,28,0,28,49,1,50,77,1,78
1113,Worms_normal_4,1,1,900,0,36,0,36,49,1,50,85,1,86
1114,Worms_normal_5,1,1,900,0,20,0,20,49,1,50,69,1,70
1117,Yoga_normal_1,1,1,426,0,1224,0,1224,1519,31,1550,2743,31,2774
1118,Yoga_normal_2,1,1,426,0,1416,0,1416,1764,36,1800,3180,36,3216
