dataset,test_length,hard_alert_count,hard_tp,hard_fp,hard_fn,hard_precision,hard_recall,hard_f1,standard_review_count,standard_review_tp,standard_review_fp,priority_review_count,priority_review_tp,priority_review_fp,combined_f1
ACSF1_normal_0,50,1,1,0,0,1.0,1.0,1.0,0,0,0,0,0,0,1.0
ACSF1_normal_1,50,1,1,0,0,1.0,1.0,1.0,0,0,0,0,0,0,1.0
ACSF1_normal_2,50,1,1,0,0,1.0,1.0,1.0,0,0,0,0,0,0,1.0
ACSF1_normal_3,50,1,1,0,0,1.0,1.0,1.0,0,0,0,0,0,0,1.0
ACSF1_normal_4,50,1,1,0,0,1.0,1.0,1.0,0,0,0,0,0,0,1.0
ACSF1_normal_5,50,0,0,0,1,0.0,0.0,0.0,1,0,1,0,0,0,0.0
ACSF1_normal_6,50,1,0,1,1,0.0,0.0,0.0,0,0,0,0,0,0,0.0
ACSF1_normal_7,50,1,1,0,0,1.0,1.0,1.0,0,0,0,0,0,0,1.0
ACSF1_normal_8,50,1,1,0,0,1.0,1.0,1.0,0,0,0,0,0,0,1.0
ACSF1_normal_9,50,1,1,0,0,1.0,1.0,1.0,0,0,0,0,0,0,1.0
Adiac_normal_1,50,1,1,0,0,1.0,1.0,1.0,0,0,0,0,0,0,1.0
Adiac_normal_10,50,1,1,0,0,1.0,1.0,1.0,0,0,0,0,0,0,1.0
Adiac_normal_11,50,1,1,0,0,1.0,1.0,1.0,0,0,0,0,0,0,1.0
Adiac_normal_12,50,1,1,0,0,1.0,1.0,1.0,0,0,0,0,0,0,1.0
Adiac_normal_13,50,1,1,0,0,1.0,1.0,1.0,0,0,0,0,0,0,1.0
Adiac_normal_14,50,0,0,0,1,0.0,0.0,0.0,1,0,1,0,0,0,0.0
Adiac_normal_15,50,1,1,0,0,1.0,1.0,1.0,0,0,0,0,0,0,1.0
Adiac_normal_16,50,1,1,0,0,1.0,1.0,1.0,0,0,0,0,0,0,1.0
Adiac_normal_17,50,1,1,0,0,1.0,1.0,1.0,0,0,0,0,0,0,1.0
Adiac_normal_18,50,0,0,0,1,0.0,0.0,0.0,1,1,0,0,0,0,1.0
Adiac_normal_19,50,0,0,0,1,0.0,0.0,0.0,1,0,1,0,0,0,0.0
Adiac_normal_2,50,1,1,0,0,1.0,1.0,1.0,0,0,0,0,0,0,1.0
Adiac_normal_20,50,1,1,0,0,1.0,1.0,1.0,0,0,0,0,0,0,1.0
Adiac_normal_21,50,1,1,0,0,1.0,1.0,1.0,0,0,0,0,0,0,1.0
Adiac_normal_22,50,0,0,0,1,0.0,0.0,0.0,1,0,1,0,0,0,0.0
Adiac_normal_23,50,1,1,0,0,1.0,1.0,1.0,0,0,0,0,0,0,1.0
Adiac_normal_24,50,1,1,0,0,1.0,1.0,1.0,0,0,0,0,0,0,1.0
Adiac_normal_25,50,1,1,0,0,1.0,1.0,1.0,0,0,0,0,0,0,1.0
Adiac_normal_26,50,0,0,0,1,0.0,0.0,0.0,1,0,1,0,0,0,0.0
Adiac_normal_27,50,1,1,0,0,1.0,1.0,1.0,0,0,0,0,0,0,1.0
Adiac_normal_28,50,1,1,0,0,1.0,1.0,1.0,0,0,0,0,0,0,1.0
Adiac_normal_29,50,1,1,0,0,1.0,1.0,1.0,0,0,0,0,0,0,1.0
Adiac_normal_3,50,1,1,0,0,1.0,1.0,1.0,0,0,0,0,0,0,1.0
Adiac_normal_30,50,1,1,0,0,1.0,1.0,1.0,0,0,0,0,0,0,1.0
Adiac_normal_31,50,1,1,0,0,1.0,1.0,1.0,0,0,0,0,0,0,1.0
Adiac_normal_32,50,1,1,0,0,1.0,1.0,1.0,0,0,0,0,0,0,1.0
Adiac_normal_33,50,1,1,0,0,1.0,1.0,1.0,0,0,0,0,0,0,1.0
Adiac_normal_34,50,1,1,0,0,1.0,1.0,1.0,0,0,0,0,0,0,1.0
Adiac_normal_35,50,1,1,0,0,1.0,1.0,1.0,0,0,0,0,0,0,1.0
Adiac_normal_36,50,1,1,0,0,1.0,1.0,1.0,0,0,0,0,0,0,1.0
Adiac_normal_37,50,1,1,0,0,1.0,1.0,1.0,0,0,0,0,0,0,1.0
Adiac_normal_4,50,1,1,0,0,1.0,1.0,1.0,0,0,0,0,0,0,1.0
Adiac_normal_5,50,0,0,0,1,0.0,0.0,0.0,1,1,0,0,0,0,1.0
Adiac_normal_6,50,1,0,1,1,0.0,0.0,0.0,0,0,0,0,0,0,0.0
Adiac_normal_7,50,1,1,0,0,1.0,1.0,1.0,0,0,0,0,0,0,1.0
Adiac_normal_8,50,1,1,0,0,1.0,1.0,1.0,0,0,0,0,0,0,1.0
Adiac_normal_9,50,1,1,0,0,1.0,1.0,1.0,0,0,0,0,0,0,1.0
AllGestureWiimoteX_normal_1,100,0,0,0,2,0.0,0.0,0.0,1,1,0,0,0,0,0.6666666666666666
AllGestureWiimoteX_normal_10,100,0,0,0,2,0.0,0.0,0.0,1,0,1,0,0,0,0.0
AllGestureWiimoteX_normal_2,100,1,1,0,1,1.0,0.5,0.6666666666666666,0,0,0,0,0,0,0.6666666666666666
AllGestureWiimoteX_normal_3,100,2,2,0,0,1.0,1.0,1.0,0,0,0,0,0,0,1.0
AllGestureWiimoteX_normal_4,100,0,0,0,2,0.0,0.0,0.0,1,1,0,0,0,0,0.6666666666666666
AllGestureWiimoteX_normal_5,100,0,0,0,2,0.0,0.0,0.0,1,0,1,0,0,0,0.0
AllGestureWiimoteX_normal_6,100,0,0,0,2,0.0,0.0,0.0,1,0,1,0,0,0,0.0
AllGestureWiimoteX_normal_7,100,0,0,0,2,0.0,0.0,0.0,1,1,0,0,0,0,0.6666666666666666
AllGestureWiimoteX_normal_8,100,2,1,1,1,0.5,0.5,0.5,0,0,0,0,0,0,0.5
AllGestureWiimoteX_normal_9,100,1,1,0,1,1.0,0.5,0.6666666666666666,1,0,1,0,0,0,0.5
AllGestureWiimoteY_normal_1,100,2,1,1,1,0.5,0.5,0.5,0,0,0,0,0,0,0.5
AllGestureWiimoteY_normal_10,100,2,1,1,1,0.5,0.5,0.5,0,0,0,0,0,0,0.5
AllGestureWiimoteY_normal_2,100,1,1,0,1,1.0,0.5,0.6666666666666666,0,0,0,0,0,0,0.6666666666666666
AllGestureWiimoteY_normal_3,100,0,0,0,2,0.0,0.0,0.0,2,0,2,0,0,0,0.0
AllGestureWiimoteY_normal_4,100,1,1,0,1,1.0,0.5,0.6666666666666666,0,0,0,0,0,0,0.6666666666666666
AllGestureWiimoteY_normal_5,100,1,1,0,1,1.0,0.5,0.6666666666666666,0,0,0,0,0,0,0.6666666666666666
AllGestureWiimoteY_normal_6,100,1,0,1,2,0.0,0.0,0.0,0,0,0,0,0,0,0.0
AllGestureWiimoteY_normal_7,100,1,1,0,1,1.0,0.5,0.6666666666666666,0,0,0,0,0,0,0.6666666666666666
AllGestureWiimoteY_normal_8,100,2,2,0,0,1.0,1.0,1.0,0,0,0,0,0,0,1.0
AllGestureWiimoteY_normal_9,100,1,1,0,1,1.0,0.5,0.6666666666666666,1,1,0,0,0,0,1.0
AllGestureWiimoteZ_normal_1,100,0,0,0,2,0.0,0.0,0.0,1,0,1,0,0,0,0.0
AllGestureWiimoteZ_normal_10,100,1,1,0,1,1.0,0.5,0.6666666666666666,1,0,1,0,0,0,0.5
AllGestureWiimoteZ_normal_2,100,1,1,0,1,1.0,0.5,0.6666666666666666,0,0,0,0,0,0,0.6666666666666666
AllGestureWiimoteZ_normal_3,100,0,0,0,2,0.0,0.0,0.0,1,1,0,0,0,0,0.6666666666666666
AllGestureWiimoteZ_normal_4,100,1,0,1,2,0.0,0.0,0.0,0,0,0,0,0,0,0.0
AllGestureWiimoteZ_normal_5,100,0,0,0,2,0.0,0.0,0.0,1,0,1,0,0,0,0.0
AllGestureWiimoteZ_normal_6,100,1,1,0,1,1.0,0.5,0.6666666666666666,0,0,0,0,0,0,0.6666666666666666
AllGestureWiimoteZ_normal_7,100,2,1,1,1,0.5,0.5,0.5,0,0,0,0,0,0,0.5
AllGestureWiimoteZ_normal_8,100,2,2,0,0,1.0,1.0,1.0,0,0,0,0,0,0,1.0
AllGestureWiimoteZ_normal_9,100,0,0,0,2,0.0,0.0,0.0,1,1,0,0,0,0,0.6666666666666666
ArrowHead_normal_0,50,1,0,1,1,0.0,0.0,0.0,0,0,0,0,0,0,0.0
ArrowHead_normal_1,50,0,0,0,1,0.0,0.0,0.0,1,0,1,0,0,0,0.0
ArrowHead_normal_2,50,0,0,0,1,0.0,0.0,0.0,1,0,1,0,0,0,0.0
BME_normal_1,50,1,1,0,0,1.0,1.0,1.0,0,0,0,0,0,0,1.0
BME_normal_2,50,1,1,0,0,1.0,1.0,1.0,0,0,0,0,0,0,1.0
BME_normal_3,50,1,0,1,1,0.0,0.0,0.0,0,0,0,0,0,0,0.0
Beef_normal_1,50,1,1,0,0,1.0,1.0,1.0,0,0,0,0,0,0,1.0
Beef_normal_2,50,1,0,1,1,0.0,0.0,0.0,0,0,0,0,0,0,0.0
Beef_normal_3,50,1,1,0,0,1.0,1.0,1.0,0,0,0,0,0,0,1.0
Beef_normal_4,50,1,0,1,1,0.0,0.0,0.0,0,0,0,0,0,0,0.0
Beef_normal_5,50,1,1,0,0,1.0,1.0,1.0,0,0,0,0,0,0,1.0
BeetleFly_normal_1,50,1,1,0,0,1.0,1.0,1.0,0,0,0,0,0,0,1.0
BeetleFly_normal_2,50,0,0,0,1,0.0,0.0,0.0,1,0,1,0,0,0,0.0
BirdChicken_normal_1,50,1,1,0,0,1.0,1.0,1.0,0,0,0,0,0,0,1.0
BirdChicken_normal_2,50,0,0,0,1,0.0,0.0,0.0,1,1,0,0,0,0,1.0
CBF_normal_1,300,6,6,0,0,1.0,1.0,1.0,0,0,0,0,0,0,1.0
CBF_normal_2,300,4,4,0,2,1.0,0.6666666666666666,0.8,0,0,0,0,0,0,0.8
CBF_normal_3,300,4,4,0,2,1.0,0.6666666666666666,0.8,0,0,0,0,0,0,0.8
Car_normal_1,50,1,1,0,0,1.0,1.0,1.0,0,0,0,0,0,0,1.0
Car_normal_2,50,1,1,0,0,1.0,1.0,1.0,0,0,0,0,0,0,1.0
Car_normal_3,50,1,0,1,1,0.0,0.0,0.0,0,0,0,0,0,0,0.0
Car_normal_4,50,0,0,0,1,0.0,0.0,0.0,1,1,0,0,0,0,1.0
Chinatown_normal_1,100,0,0,0,2,0.0,0.0,0.0,1,1,0,0,0,0,0.6666666666666666
Chinatown_normal_2,250,2,1,1,4,0.5,0.2,0.2857142857142857,1,1,0,0,0,0,0.5
ChlorineConcentration_normal_1,1000,9,6,3,14,0.6666666666666666,0.3,0.41379310344827586,1,0,1,0,0,0,0.4
ChlorineConcentration_normal_2,1000,12,12,0,8,1.0,0.6,0.75,1,1,0,0,0,0,0.7878787878787878
ChlorineConcentration_normal_3,2350,10,10,0,37,1.0,0.2127659574468085,0.3508771929824561,1,1,0,0,0,0,0.3793103448275862
CinCECGTorso_normal_1,350,7,7,0,0,1.0,1.0,1.0,0,0,0,0,0,0,1.0
CinCECGTorso_normal_2,350,5,5,0,2,1.0,0.7142857142857143,0.8333333333333334,1,0,1,0,0,0,0.7692307692307693
CinCECGTorso_normal_3,350,7,7,0,0,1.0,1.0,1.0,0,0,0,0,0,0,1.0
CinCECGTorso_normal_4,350,7,7,0,0,1.0,1.0,1.0,0,0,0,0,0,0,1.0
Coffee_normal_0,50,1,1,0,0,1.0,1.0,1.0,0,0,0,0,0,0,1.0
Coffee_normal_1,50,0,0,0,1,0.0,0.0,0.0,1,0,1,0,0,0,0.0
Computers_normal_1,250,1,0,1,5,0.0,0.0,0.0,1,0,1,0,0,0,0.0
Computers_normal_2,250,0,0,0,5,0.0,0.0,0.0,4,0,4,0,0,0,0.0
CricketX_normal_1,50,1,1,0,0,1.0,1.0,1.0,0,0,0,0,0,0,1.0
CricketX_normal_10,50,1,1,0,0,1.0,1.0,1.0,0,0,0,0,0,0,1.0
CricketX_normal_11,50,0,0,0,1,0.0,0.0,0.0,1,1,0,0,0,0,1.0
CricketX_normal_12,50,0,0,0,1,0.0,0.0,0.0,1,0,1,0,0,0,0.0
CricketX_normal_2,50,1,1,0,0,1.0,1.0,1.0,0,0,0,0,0,0,1.0
CricketX_normal_3,50,0,0,0,1,0.0,0.0,0.0,1,1,0,0,0,0,1.0
CricketX_normal_4,50,1,1,0,0,1.0,1.0,1.0,0,0,0,0,0,0,1.0
CricketX_normal_5,50,0,0,0,1,0.0,0.0,0.0,1,1,0,0,0,0,1.0
CricketX_normal_6,50,0,0,0,1,0.0,0.0,0.0,1,0,1,0,0,0,0.0
CricketX_normal_7,50,0,0,0,1,0.0,0.0,0.0,1,1,0,0,0,0,1.0
CricketX_normal_8,50,1,1,0,0,1.0,1.0,1.0,0,0,0,0,0,0,1.0
CricketX_normal_9,50,0,0,0,1,0.0,0.0,0.0,1,0,1,0,0,0,0.0
CricketY_normal_1,50,0,0,0,1,0.0,0.0,0.0,1,0,1,0,0,0,0.0
CricketY_normal_10,50,0,0,0,1,0.0,0.0,0.0,1,0,1,0,0,0,0.0
CricketY_normal_11,50,0,0,0,1,0.0,0.0,0.0,1,1,0,0,0,0,1.0
CricketY_normal_12,50,0,0,0,1,0.0,0.0,0.0,1,1,0,0,0,0,1.0
CricketY_normal_2,50,1,1,0,0,1.0,1.0,1.0,0,0,0,0,0,0,1.0
CricketY_normal_3,50,0,0,0,1,0.0,0.0,0.0,1,1,0,0,0,0,1.0
CricketY_normal_4,50,0,0,0,1,0.0,0.0,0.0,1,1,0,0,0,0,1.0
CricketY_normal_5,50,0,0,0,1,0.0,0.0,0.0,1,1,0,0,0,0,1.0
CricketY_normal_6,50,1,1,0,0,1.0,1.0,1.0,0,0,0,0,0,0,1.0
CricketY_normal_7,50,1,1,0,0,1.0,1.0,1.0,0,0,0,0,0,0,1.0
CricketY_normal_8,50,1,1,0,0,1.0,1.0,1.0,0,0,0,0,0,0,1.0
CricketY_normal_9,50,0,0,0,1,0.0,0.0,0.0,1,1,0,0,0,0,1.0
CricketZ_normal_1,50,1,0,1,1,0.0,0.0,0.0,0,0,0,0,0,0,0.0
CricketZ_normal_10,50,0,0,0,1,0.0,0.0,0.0,1,0,1,0,0,0,0.0
CricketZ_normal_11,50,0,0,0,1,0.0,0.0,0.0,1,0,1,0,0,0,0.0
CricketZ_normal_12,50,0,0,0,1,0.0,0.0,0.0,1,0,1,0,0,0,0.0
CricketZ_normal_2,50,1,1,0,0,1.0,1.0,1.0,0,0,0,0,0,0,1.0
CricketZ_normal_3,50,1,1,0,0,1.0,1.0,1.0,0,0,0,0,0,0,1.0
CricketZ_normal_4,50,1,1,0,0,1.0,1.0,1.0,0,0,0,0,0,0,1.0
CricketZ_normal_5,50,0,0,0,1,0.0,0.0,0.0,1,0,1,0,0,0,0.0
CricketZ_normal_6,50,0,0,0,1,0.0,0.0,0.0,1,0,1,0,0,0,0.0
CricketZ_normal_7,50,1,1,0,0,1.0,1.0,1.0,0,0,0,0,0,0,1.0
CricketZ_normal_8,50,1,1,0,0,1.0,1.0,1.0,0,0,0,0,0,0,1.0
CricketZ_normal_9,50,1,0,1,1,0.0,0.0,0.0,0,0,0,0,0,0,0.0
Crop_normal_1,1000,10,10,0,10,1.0,0.5,0.6666666666666666,5,5,0,0,0,0,0.8571428571428571
Crop_normal_10,1000,16,16,0,4,1.0,0.8,0.8888888888888888,0,0,0,0,0,0,0.8888888888888888
Crop_normal_11,1000,11,9,2,11,0.8181818181818182,0.45,0.5806451612903226,0,0,0,0,0,0,0.5806451612903226
Crop_normal_12,1000,1,1,0,19,1.0,0.05,0.09523809523809523,1,1,0,0,0,0,0.18181818181818182
Crop_normal_13,1000,13,11,2,9,0.8461538461538461,0.55,0.6666666666666666,2,2,0,0,0,0,0.7428571428571429
Crop_normal_14,1000,2,1,1,19,0.5,0.05,0.09090909090909091,2,0,2,0,0,0,0.08333333333333333
Crop_normal_15,1000,9,9,0,11,1.0,0.45,0.6206896551724138,3,3,0,0,0,0,0.75
Crop_normal_16,1000,7,7,0,13,1.0,0.35,0.5185185185185185,1,0,1,0,0,0,0.5
Crop_normal_17,1000,11,11,0,9,1.0,0.55,0.7096774193548387,1,0,1,0,0,0,0.6875
Crop_normal_18,1000,12,12,0,8,1.0,0.6,0.75,1,1,0,0,0,0,0.7878787878787878
Crop_normal_19,1000,9,8,1,12,0.8888888888888888,0.4,0.5517241379310345,3,1,2,0,0,0,0.5625
Crop_normal_2,1000,5,4,1,16,0.8,0.2,0.32,2,0,2,0,0,0,0.2962962962962963
Crop_normal_20,1000,10,10,0,10,1.0,0.5,0.6666666666666666,1,1,0,0,0,0,0.7096774193548387
Crop_normal_21,1000,20,20,0,0,1.0,1.0,1.0,0,0,0,0,0,0,1.0
Crop_normal_22,1000,19,13,6,7,0.6842105263157895,0.65,0.6666666666666666,2,2,0,0,0,0,0.7317073170731707
Crop_normal_23,1000,12,12,0,8,1.0,0.6,0.75,0,0,0,0,0,0,0.75
Crop_normal_24,1000,20,20,0,0,1.0,1.0,1.0,0,0,0,0,0,0,1.0
Crop_normal_3,1000,5,5,0,15,1.0,0.25,0.4,0,0,0,0,0,0,0.4
Crop_normal_4,1000,0,0,0,20,0.0,0.0,0.0,4,0,4,0,0,0,0.0
Crop_normal_5,1000,2,2,0,18,1.0,0.1,0.18181818181818182,2,1,1,0,0,0,0.25
Crop_normal_6,1000,3,2,1,18,0.6666666666666666,0.1,0.17391304347826086,2,1,1,0,0,0,0.24
Crop_normal_7,1000,15,15,0,5,1.0,0.75,0.8571428571428571,0,0,0,0,0,0,0.8571428571428571
Crop_normal_8,1000,9,9,0,11,1.0,0.45,0.6206896551724138,0,0,0,0,0,0,0.6206896551724138
Crop_normal_9,1000,4,3,1,17,0.75,0.15,0.25,2,1,1,0,0,0,0.3076923076923077
DiatomSizeReduction_normal_1,50,1,0,1,1,0.0,0.0,0.0,0,0,0,0,0,0,0.0
DiatomSizeReduction_normal_2,100,2,2,0,0,1.0,1.0,1.0,0,0,0,0,0,0,1.0
DiatomSizeReduction_normal_3,100,1,1,0,1,1.0,0.5,0.6666666666666666,0,0,0,0,0,0,0.6666666666666666
DiatomSizeReduction_normal_4,50,1,1,0,0,1.0,1.0,1.0,0,0,0,0,0,0,1.0
DistalPhalanxOutlineAgeGroup_normal_1,50,1,1,0,0,1.0,1.0,1.0,0,0,0,0,0,0,1.0
DistalPhalanxOutlineAgeGroup_normal_2,150,0,0,0,3,0.0,0.0,0.0,2,1,1,0,0,0,0.4
DistalPhalanxOutlineAgeGroup_normal_3,300,2,2,0,4,1.0,0.3333333333333333,0.5,3,2,1,0,0,0,0.7272727272727273
DistalPhalanxOutlineCorrect_normal_0,300,1,0,1,6,0.0,0.0,0.0,1,0,1,0,0,0,0.0
DistalPhalanxOutlineCorrect_normal_1,550,4,4,0,7,1.0,0.36363636363636365,0.5333333333333333,4,1,3,0,0,0,0.5263157894736842
DistalPhalanxTW_normal_3,50,1,1,0,0,1.0,1.0,1.0,0,0,0,0,0,0,1.0
DistalPhalanxTW_normal_4,50,1,1,0,0,1.0,1.0,1.0,0,0,0,0,0,0,1.0
DistalPhalanxTW_normal_5,100,2,2,0,0,1.0,1.0,1.0,0,0,0,0,0,0,1.0
DistalPhalanxTW_normal_6,50,0,0,0,1,0.0,0.0,0.0,1,0,1,0,0,0,0.0
DistalPhalanxTW_normal_7,50,0,0,0,1,0.0,0.0,0.0,1,0,1,0,0,0,0.0
DistalPhalanxTW_normal_8,250,5,5,0,0,1.0,1.0,1.0,0,0,0,0,0,0,1.0
DodgerLoopDay_normal_1,50,0,0,0,1,0.0,0.0,0.0,1,1,0,0,0,0,1.0
DodgerLoopDay_normal_2,50,0,0,0,1,0.0,0.0,0.0,1,1,0,0,0,0,1.0
DodgerLoopDay_normal_3,50,0,0,0,1,0.0,0.0,0.0,1,0,1,0,0,0,0.0
DodgerLoopDay_normal_4,50,0,0,0,1,0.0,0.0,0.0,1,1,0,0,0,0,1.0
DodgerLoopDay_normal_5,50,1,0,1,1,0.0,0.0,0.0,0,0,0,0,0,0,0.0
DodgerLoopDay_normal_6,50,1,0,1,1,0.0,0.0,0.0,0,0,0,0,0,0,0.0
DodgerLoopDay_normal_7,50,1,1,0,0,1.0,1.0,1.0,0,0,0,0,0,0,1.0
DodgerLoopGame_normal_1,50,1,0,1,1,0.0,0.0,0.0,0,0,0,0,0,0,0.0
DodgerLoopGame_normal_2,50,0,0,0,1,0.0,0.0,0.0,1,1,0,0,0,0,1.0
DodgerLoopWeekend_normal_1,100,0,0,0,2,0.0,0.0,0.0,1,0,1,0,0,0,0.0
DodgerLoopWeekend_normal_2,50,1,0,1,1,0.0,0.0,0.0,0,0,0,0,0,0,0.0
ECG200_normal_-1,50,0,0,0,1,0.0,0.0,0.0,1,0,1,0,0,0,0.0
ECG200_normal_1,100,1,1,0,1,1.0,0.5,0.6666666666666666,2,1,1,0,0,0,0.8
ECG5000_normal_1,2950,35,25,10,34,0.7142857142857143,0.423728813559322,0.5319148936170213,22,10,12,0,0,0,0.603448275862069
ECG5000_normal_2,1800,14,7,7,29,0.5,0.19444444444444445,0.28,0,0,0,0,0,0,0.28
ECG5000_normal_3,50,0,0,0,1,0.0,0.0,0.0,1,0,1,0,0,0,0.0
ECG5000_normal_4,150,0,0,0,3,0.0,0.0,0.0,2,1,1,0,0,0,0.4
ECG5000_normal_5,50,1,0,1,1,0.0,0.0,0.0,0,0,0,0,0,0,0.0
ECGFiveDays_normal_1,450,9,9,0,0,1.0,1.0,1.0,0,0,0,0,0,0,1.0
ECGFiveDays_normal_2,450,9,9,0,0,1.0,1.0,1.0,0,0,0,0,0,0,1.0
EOGHorizontalSignal_normal_1,50,1,1,0,0,1.0,1.0,1.0,0,0,0,0,0,0,1.0
EOGHorizontalSignal_normal_10,50,1,0,1,1,0.0,0.0,0.0,0,0,0,0,0,0,0.0
EOGHorizontalSignal_normal_11,50,1,1,0,0,1.0,1.0,1.0,0,0,0,0,0,0,1.0
EOGHorizontalSignal_normal_12,50,0,0,0,1,0.0,0.0,0.0,1,1,0,0,0,0,1.0
EOGHorizontalSignal_normal_2,50,0,0,0,1,0.0,0.0,0.0,1,1,0,0,0,0,1.0
EOGHorizontalSignal_normal_3,50,1,1,0,0,1.0,1.0,1.0,0,0,0,0,0,0,1.0
EOGHorizontalSignal_normal_4,50,0,0,0,1,0.0,0.0,0.0,1,1,0,0,0,0,1.0
EOGHorizontalSignal_normal_5,50,1,1,0,0,1.0,1.0,1.0,0,0,0,0,0,0,1.0
EOGHorizontalSignal_normal_6,50,0,0,0,1,0.0,0.0,0.0,1,1,0,0,0,0,1.0
EOGHorizontalSignal_normal_7,50,1,1,0,0,1.0,1.0,1.0,0,0,0,0,0,0,1.0
EOGHorizontalSignal_normal_8,50,1,1,0,0,1.0,1.0,1.0,0,0,0,0,0,0,1.0
EOGHorizontalSignal_normal_9,50,0,0,0,1,0.0,0.0,0.0,1,0,1,0,0,0,0.0
EOGVerticalSignal_normal_1,50,1,0,1,1,0.0,0.0,0.0,0,0,0,0,0,0,0.0
EOGVerticalSignal_normal_10,50,0,0,0,1,0.0,0.0,0.0,1,0,1,0,0,0,0.0
EOGVerticalSignal_normal_11,50,0,0,0,1,0.0,0.0,0.0,1,1,0,0,0,0,1.0
EOGVerticalSignal_normal_12,50,1,1,0,0,1.0,1.0,1.0,0,0,0,0,0,0,1.0
EOGVerticalSignal_normal_2,50,0,0,0,1,0.0,0.0,0.0,1,0,1,0,0,0,0.0
EOGVerticalSignal_normal_3,50,0,0,0,1,0.0,0.0,0.0,1,1,0,0,0,0,1.0
EOGVerticalSignal_normal_4,50,0,0,0,1,0.0,0.0,0.0,1,0,1,0,0,0,0.0
EOGVerticalSignal_normal_5,50,1,1,0,0,1.0,1.0,1.0,0,0,0,0,0,0,1.0
EOGVerticalSignal_normal_6,50,1,1,0,0,1.0,1.0,1.0,0,0,0,0,0,0,1.0
EOGVerticalSignal_normal_7,50,0,0,0,1,0.0,0.0,0.0,1,1,0,0,0,0,1.0
EOGVerticalSignal_normal_8,50,0,0,0,1,0.0,0.0,0.0,1,0,1,0,0,0,0.0
EOGVerticalSignal_normal_9,50,1,1,0,0,1.0,1.0,1.0,0,0,0,0,0,0,1.0
Earthquakes_normal_0,350,0,0,0,7,0.0,0.0,0.0,4,0,4,0,0,0,0.0
Earthquakes_normal_1,50,1,0,1,1,0.0,0.0,0.0,0,0,0,0,0,0,0.0
ElectricDevices_normal_1,1400,17,17,0,11,1.0,0.6071428571428571,0.7555555555555555,0,0,0,0,0,0,0.7555555555555555
ElectricDevices_normal_2,4250,46,43,3,42,0.9347826086956522,0.5058823529411764,0.6564885496183206,7,5,2,0,0,0,0.6956521739130435
ElectricDevices_normal_3,1600,18,18,0,14,1.0,0.5625,0.72,0,0,0,0,0,0,0.72
ElectricDevices_normal_4,2650,7,7,0,46,1.0,0.1320754716981132,0.23333333333333334,7,6,1,0,0,0,0.3880597014925373
ElectricDevices_normal_5,4350,2,2,0,85,1.0,0.022988505747126436,0.0449438202247191,3,3,0,0,0,0,0.10869565217391304
ElectricDevices_normal_6,1250,12,11,1,14,0.9166666666666666,0.44,0.5945945945945946,0,0,0,0,0,0,0.5945945945945946
ElectricDevices_normal_7,1300,8,8,0,18,1.0,0.3076923076923077,0.47058823529411764,3,3,0,0,0,0,0.5945945945945946
EthanolLevel_normal_1,250,1,0,1,5,0.0,0.0,0.0,1,0,1,0,0,0,0.0
EthanolLevel_normal_2,250,1,0,1,5,0.0,0.0,0.0,3,0,3,0,0,0,0.0
EthanolLevel_normal_3,250,1,0,1,5,0.0,0.0,0.0,2,0,2,0,0,0,0.0
EthanolLevel_normal_4,250,1,0,1,5,0.0,0.0,0.0,3,0,3,0,0,0,0.0
FaceAll_normal_1,100,2,2,0,0,1.0,1.0,1.0,0,0,0,0,0,0,1.0
FaceAll_normal_10,100,0,0,0,2,0.0,0.0,0.0,3,2,1,0,0,0,0.8
FaceAll_normal_11,50,1,1,0,0,1.0,1.0,1.0,0,0,0,0,0,0,1.0
FaceAll_normal_12,100,1,1,0,1,1.0,0.5,0.6666666666666666,1,1,0,0,0,0,1.0
FaceAll_normal_13,300,3,2,1,4,0.6666666666666666,0.3333333333333333,0.4444444444444444,1,1,0,0,0,0,0.6
FaceAll_normal_14,50,0,0,0,1,0.0,0.0,0.0,1,0,1,0,0,0,0.0
FaceAll_normal_2,150,3,3,0,0,1.0,1.0,1.0,0,0,0,0,0,0,1.0
FaceAll_normal_3,150,3,3,0,0,1.0,1.0,1.0,0,0,0,0,0,0,1.0
FaceAll_normal_4,150,2,1,1,2,0.5,0.3333333333333333,0.4,0,0,0,0,0,0,0.4
FaceAll_normal_5,150,2,2,0,1,1.0,0.6666666666666666,0.8,0,0,0,0,0,0,0.8
FaceAll_normal_6,150,2,2,0,1,1.0,0.6666666666666666,0.8,0,0,0,0,0,0,0.8
FaceAll_normal_7,150,3,3,0,0,1.0,1.0,1.0,0,0,0,0,0,0,1.0
FaceAll_normal_8,250,3,3,0,2,1.0,0.6,0.75,1,0,1,0,0,0,0.6666666666666666
FaceAll_normal_9,100,2,2,0,0,1.0,1.0,1.0,1,0,1,0,0,0,0.8
FaceFour_normal_1,50,1,1,0,0,1.0,1.0,1.0,0,0,0,0,0,0,1.0
FaceFour_normal_2,50,0,0,0,1,0.0,0.0,0.0,1,1,0,0,0,0,1.0
FaceFour_normal_3,50,1,0,1,1,0.0,0.0,0.0,0,0,0,0,0,0,0.0
FaceFour_normal_4,50,0,0,0,1,0.0,0.0,0.0,1,0,1,0,0,0,0.0
FacesUCR_normal_1,100,2,2,0,0,1.0,1.0,1.0,0,0,0,0,0,0,1.0
FacesUCR_normal_10,100,2,2,0,0,1.0,1.0,1.0,1,0,1,0,0,0,0.8
FacesUCR_normal_11,50,1,1,0,0,1.0,1.0,1.0,0,0,0,0,0,0,1.0
FacesUCR_normal_12,100,2,2,0,0,1.0,1.0,1.0,0,0,0,0,0,0,1.0
FacesUCR_normal_13,300,0,0,0,6,0.0,0.0,0.0,4,4,0,1,1,0,0.9090909090909091
FacesUCR_normal_14,50,1,1,0,0,1.0,1.0,1.0,0,0,0,0,0,0,1.0
FacesUCR_normal_2,150,2,2,0,1,1.0,0.6666666666666666,0.8,0,0,0,0,0,0,0.8
FacesUCR_normal_3,150,3,3,0,0,1.0,1.0,1.0,0,0,0,0,0,0,1.0
FacesUCR_normal_4,150,1,1,0,2,1.0,0.3333333333333333,0.5,1,0,1,0,0,0,0.4
FacesUCR_normal_5,150,1,1,0,2,1.0,0.3333333333333333,0.5,1,1,0,0,0,0,0.8
FacesUCR_normal_6,150,2,2,0,1,1.0,0.6666666666666666,0.8,1,0,1,0,0,0,0.6666666666666666
FacesUCR_normal_7,150,2,2,0,1,1.0,0.6666666666666666,0.8,1,0,1,0,0,0,0.6666666666666666
FacesUCR_normal_8,250,3,3,0,2,1.0,0.6,0.75,3,1,2,0,0,0,0.7272727272727273
FacesUCR_normal_9,100,2,2,0,0,1.0,1.0,1.0,0,0,0,0,0,0,1.0
FiftyWords_normal_1,100,2,1,1,1,0.5,0.5,0.5,0,0,0,0,0,0,0.5
FiftyWords_normal_10,50,1,0,1,1,0.0,0.0,0.0,0,0,0,0,0,0,0.0
FiftyWords_normal_11,50,0,0,0,1,0.0,0.0,0.0,1,1,0,0,0,0,1.0
FiftyWords_normal_12,50,0,0,0,1,0.0,0.0,0.0,1,1,0,0,0,0,1.0
FiftyWords_normal_13,50,1,1,0,0,1.0,1.0,1.0,0,0,0,0,0,0,1.0
FiftyWords_normal_14,50,0,0,0,1,0.0,0.0,0.0,1,1,0,0,0,0,1.0
FiftyWords_normal_15,50,1,1,0,0,1.0,1.0,1.0,0,0,0,0,0,0,1.0
FiftyWords_normal_16,50,1,0,1,1,0.0,0.0,0.0,0,0,0,0,0,0,0.0
FiftyWords_normal_17,50,1,1,0,0,1.0,1.0,1.0,0,0,0,0,0,0,1.0
FiftyWords_normal_18,50,1,1,0,0,1.0,1.0,1.0,0,0,0,0,0,0,1.0
FiftyWords_normal_19,50,0,0,0,1,0.0,0.0,0.0,1,1,0,0,0,0,1.0
FiftyWords_normal_2,50,1,1,0,0,1.0,1.0,1.0,0,0,0,0,0,0,1.0
FiftyWords_normal_20,50,1,1,0,0,1.0,1.0,1.0,0,0,0,0,0,0,1.0
FiftyWords_normal_21,50,0,0,0,1,0.0,0.0,0.0,1,1,0,0,0,0,1.0
FiftyWords_normal_22,50,1,1,0,0,1.0,1.0,1.0,0,0,0,0,0,0,1.0
FiftyWords_normal_23,50,1,1,0,0,1.0,1.0,1.0,0,0,0,0,0,0,1.0
FiftyWords_normal_24,50,1,1,0,0,1.0,1.0,1.0,0,0,0,0,0,0,1.0
FiftyWords_normal_25,50,1,1,0,0,1.0,1.0,1.0,0,0,0,0,0,0,1.0
FiftyWords_normal_26,50,1,1,0,0,1.0,1.0,1.0,0,0,0,0,0,0,1.0
FiftyWords_normal_27,50,1,1,0,0,1.0,1.0,1.0,0,0,0,0,0,0,1.0
FiftyWords_normal_28,50,1,1,0,0,1.0,1.0,1.0,0,0,0,0,0,0,1.0
FiftyWords_normal_29,50,1,1,0,0,1.0,1.0,1.0,0,0,0,0,0,0,1.0
FiftyWords_normal_3,50,1,0,1,1,0.0,0.0,0.0,0,0,0,0,0,0,0.0
FiftyWords_normal_30,50,1,1,0,0,1.0,1.0,1.0,0,0,0,0,0,0,1.0
FiftyWords_normal_31,50,1,1,0,0,1.0,1.0,1.0,0,0,0,0,0,0,1.0
FiftyWords_normal_32,50,1,1,0,0,1.0,1.0,1.0,0,0,0,0,0,0,1.0
FiftyWords_normal_33,50,1,1,0,0,1.0,1.0,1.0,0,0,0,0,0,0,1.0
FiftyWords_normal_34,50,1,1,0,0,1.0,1.0,1.0,0,0,0,0,0,0,1.0
FiftyWords_normal_35,50,1,1,0,0,1.0,1.0,1.0,0,0,0,0,0,0,1.0
FiftyWords_normal_36,50,1,1,0,0,1.0,1.0,1.0,0,0,0,0,0,0,1.0
FiftyWords_normal_37,50,1,1,0,0,1.0,1.0,1.0,0,0,0,0,0,0,1.0
FiftyWords_normal_38,50,1,1,0,0,1.0,1.0,1.0,0,0,0,0,0,0,1.0
FiftyWords_normal_39,50,1,1,0,0,1.0,1.0,1.0,0,0,0,0,0,0,1.0
FiftyWords_normal_4,50,1,1,0,0,1.0,1.0,1.0,0,0,0,0,0,0,1.0
FiftyWords_normal_40,50,1,1,0,0,1.0,1.0,1.0,0,0,0,0,0,0,1.0
FiftyWords_normal_41,50,1,0,1,1,0.0,0.0,0.0,0,0,0,0,0,0,0.0
FiftyWords_normal_42,50,1,1,0,0,1.0,1.0,1.0,0,0,0,0,0,0,1.0
FiftyWords_normal_43,50,1,1,0,0,1.0,1.0,1.0,0,0,0,0,0,0,1.0
FiftyWords_normal_44,50,1,1,0,0,1.0,1.0,1.0,0,0,0,0,0,0,1.0
FiftyWords_normal_45,50,1,1,0,0,1.0,1.0,1.0,0,0,0,0,0,0,1.0
FiftyWords_normal_46,50,1,1,0,0,1.0,1.0,1.0,0,0,0,0,0,0,1.0
FiftyWords_normal_47,50,1,1,0,0,1.0,1.0,1.0,0,0,0,0,0,0,1.0
FiftyWords_normal_48,50,1,1,0,0,1.0,1.0,1.0,0,0,0,0,0,0,1.0
FiftyWords_normal_49,50,1,1,0,0,1.0,1.0,1.0,0,0,0,0,0,0,1.0
FiftyWords_normal_5,50,1,1,0,0,1.0,1.0,1.0,0,0,0,0,0,0,1.0
FiftyWords_normal_50,50,1,1,0,0,1.0,1.0,1.0,0,0,0,0,0,0,1.0
FiftyWords_normal_6,50,0,0,0,1,0.0,0.0,0.0,1,0,1,0,0,0,0.0
FiftyWords_normal_7,50,1,1,0,0,1.0,1.0,1.0,0,0,0,0,0,0,1.0
FiftyWords_normal_8,50,0,0,0,1,0.0,0.0,0.0,1,1,0,0,0,0,1.0
FiftyWords_normal_9,50,1,0,1,1,0.0,0.0,0.0,0,0,0,0,0,0,0.0
Fish_normal_1,50,0,0,0,1,0.0,0.0,0.0,1,0,1,0,0,0,0.0
Fish_normal_2,50,1,0,1,1,0.0,0.0,0.0,0,0,0,0,0,0,0.0
Fish_normal_3,50,0,0,0,1,0.0,0.0,0.0,1,0,1,0,0,0,0.0
Fish_normal_4,50,1,0,1,1,0.0,0.0,0.0,0,0,0,0,0,0,0.0
Fish_normal_5,50,0,0,0,1,0.0,0.0,0.0,1,1,0,0,0,0,1.0
Fish_normal_6,50,0,0,0,1,0.0,0.0,0.0,1,0,1,0,0,0,0.0
Fish_normal_7,50,0,0,0,1,0.0,0.0,0.0,1,1,0,0,0,0,1.0
FordA_normal_-1,2550,5,0,5,51,0.0,0.0,0.0,3,0,3,0,0,0,0.0
FordA_normal_1,2400,9,7,2,41,0.7777777777777778,0.14583333333333334,0.24561403508771928,6,3,3,0,0,0,0.31746031746031744
FordB_normal_-1,2300,2,0,2,46,0.0,0.0,0.0,1,0,1,0,0,0,0.0
FordB_normal_1,2200,16,12,4,32,0.75,0.2727272727272727,0.4,2,2,0,0,0,0,0.45161290322580644
FreezerRegularTrain_normal_1,1500,14,10,4,20,0.7142857142857143,0.3333333333333333,0.45454545454545453,0,0,0,0,0,0,0.45454545454545453
FreezerRegularTrain_normal_2,1500,3,1,2,29,0.3333333333333333,0.03333333333333333,0.06060606060606061,10,3,7,0,0,0,0.18604651162790697
FreezerSmallTrain_normal_1,1450,18,13,5,16,0.7222222222222222,0.4482758620689655,0.5531914893617021,1,0,1,0,0,0,0.5416666666666666
FreezerSmallTrain_normal_2,1450,3,2,1,27,0.6666666666666666,0.06896551724137931,0.125,9,7,2,0,0,0,0.43902439024390244
Fungi_normal_1,50,1,1,0,0,1.0,1.0,1.0,0,0,0,0,0,0,1.0
Fungi_normal_10,50,1,1,0,0,1.0,1.0,1.0,0,0,0,0,0,0,1.0
Fungi_normal_11,50,1,1,0,0,1.0,1.0,1.0,0,0,0,0,0,0,1.0
Fungi_normal_12,50,1,1,0,0,1.0,1.0,1.0,0,0,0,0,0,0,1.0
Fungi_normal_13,50,1,1,0,0,1.0,1.0,1.0,0,0,0,0,0,0,1.0
Fungi_normal_14,50,1,1,0,0,1.0,1.0,1.0,0,0,0,0,0,0,1.0
Fungi_normal_15,50,1,1,0,0,1.0,1.0,1.0,0,0,0,0,0,0,1.0
Fungi_normal_16,50,1,1,0,0,1.0,1.0,1.0,0,0,0,0,0,0,1.0
Fungi_normal_17,50,1,1,0,0,1.0,1.0,1.0,0,0,0,0,0,0,1.0
Fungi_normal_18,50,1,1,0,0,1.0,1.0,1.0,0,0,0,0,0,0,1.0
Fungi_normal_2,50,1,1,0,0,1.0,1.0,1.0,0,0,0,0,0,0,1.0
Fungi_normal_3,50,1,1,0,0,1.0,1.0,1.0,0,0,0,0,0,0,1.0
Fungi_normal_4,50,1,1,0,0,1.0,1.0,1.0,0,0,0,0,0,0,1.0
Fungi_normal_5,50,1,1,0,0,1.0,1.0,1.0,0,0,0,0,0,0,1.0
Fungi_normal_6,50,1,1,0,0,1.0,1.0,1.0,0,0,0,0,0,0,1.0
Fungi_normal_7,50,1,1,0,0,1.0,1.0,1.0,0,0,0,0,0,0,1.0
Fungi_normal_8,50,1,1,0,0,1.0,1.0,1.0,0,0,0,0,0,0,1.0
Fungi_normal_9,50,1,1,0,0,1.0,1.0,1.0,0,0,0,0,0,0,1.0
GestureMidAirD1_normal_1,50,1,1,0,0,1.0,1.0,1.0,0,0,0,0,0,0,1.0
GestureMidAirD1_normal_10,50,1,1,0,0,1.0,1.0,1.0,0,0,0,0,0,0,1.0
GestureMidAirD1_normal_11,50,1,1,0,0,1.0,1.0,1.0,0,0,0,0,0,0,1.0
GestureMidAirD1_normal_12,50,1,1,0,0,1.0,1.0,1.0,0,0,0,0,0,0,1.0
GestureMidAirD1_normal_13,50,0,0,0,1,0.0,0.0,0.0,1,0,1,0,0,0,0.0
GestureMidAirD1_normal_14,50,1,1,0,0,1.0,1.0,1.0,0,0,0,0,0,0,1.0
GestureMidAirD1_normal_15,50,0,0,0,1,0.0,0.0,0.0,1,0,1,0,0,0,0.0
GestureMidAirD1_normal_16,50,0,0,0,1,0.0,0.0,0.0,1,1,0,0,0,0,1.0
GestureMidAirD1_normal_17,50,1,1,0,0,1.0,1.0,1.0,0,0,0,0,0,0,1.0
GestureMidAirD1_normal_18,50,1,1,0,0,1.0,1.0,1.0,0,0,0,0,0,0,1.0
GestureMidAirD1_normal_19,50,1,1,0,0,1.0,1.0,1.0,0,0,0,0,0,0,1.0
GestureMidAirD1_normal_2,50,1,1,0,0,1.0,1.0,1.0,0,0,0,0,0,0,1.0
GestureMidAirD1_normal_20,50,1,1,0,0,1.0,1.0,1.0,0,0,0,0,0,0,1.0
GestureMidAirD1_normal_21,50,1,1,0,0,1.0,1.0,1.0,0,0,0,0,0,0,1.0
GestureMidAirD1_normal_22,50,1,1,0,0,1.0,1.0,1.0,0,0,0,0,0,0,1.0
GestureMidAirD1_normal_23,50,1,1,0,0,1.0,1.0,1.0,0,0,0,0,0,0,1.0
GestureMidAirD1_normal_24,50,1,1,0,0,1.0,1.0,1.0,0,0,0,0,0,0,1.0
GestureMidAirD1_normal_25,50,1,1,0,0,1.0,1.0,1.0,0,0,0,0,0,0,1.0
GestureMidAirD1_normal_26,50,1,1,0,0,1.0,1.0,1.0,0,0,0,0,0,0,1.0
GestureMidAirD1_normal_3,50,1,1,0,0,1.0,1.0,1.0,0,0,0,0,0,0,1.0
GestureMidAirD1_normal_4,50,1,1,0,0,1.0,1.0,1.0,0,0,0,0,0,0,1.0
GestureMidAirD1_normal_5,50,1,1,0,0,1.0,1.0,1.0,0,0,0,0,0,0,1.0
GestureMidAirD1_normal_6,50,1,1,0,0,1.0,1.0,1.0,0,0,0,0,0,0,1.0
GestureMidAirD1_normal_7,50,1,1,0,0,1.0,1.0,1.0,0,0,0,0,0,0,1.0
GestureMidAirD1_normal_8,50,1,1,0,0,1.0,1.0,1.0,0,0,0,0,0,0,1.0
GestureMidAirD1_normal_9,50,1,1,0,0,1.0,1.0,1.0,0,0,0,0,0,0,1.0
GestureMidAirD2_normal_1,50,0,0,0,1,0.0,0.0,0.0,1,0,1,0,0,0,0.0
GestureMidAirD2_normal_10,50,1,1,0,0,1.0,1.0,1.0,0,0,0,0,0,0,1.0
GestureMidAirD2_normal_11,50,0,0,0,1,0.0,0.0,0.0,1,1,0,0,0,0,1.0
GestureMidAirD2_normal_12,50,1,1,0,0,1.0,1.0,1.0,0,0,0,0,0,0,1.0
GestureMidAirD2_normal_13,50,1,1,0,0,1.0,1.0,1.0,0,0,0,0,0,0,1.0
GestureMidAirD2_normal_14,50,1,1,0,0,1.0,1.0,1.0,0,0,0,0,0,0,1.0
GestureMidAirD2_normal_15,50,1,0,1,1,0.0,0.0,0.0,0,0,0,0,0,0,0.0
GestureMidAirD2_normal_16,50,1,1,0,0,1.0,1.0,1.0,0,0,0,0,0,0,1.0
GestureMidAirD2_normal_17,50,1,1,0,0,1.0,1.0,1.0,0,0,0,0,0,0,1.0
GestureMidAirD2_normal_18,50,0,0,0,1,0.0,0.0,0.0,1,0,1,0,0,0,0.0
GestureMidAirD2_normal_19,50,1,1,0,0,1.0,1.0,1.0,0,0,0,0,0,0,1.0
GestureMidAirD2_normal_2,50,1,1,0,0,1.0,1.0,1.0,0,0,0,0,0,0,1.0
GestureMidAirD2_normal_20,50,1,1,0,0,1.0,1.0,1.0,0,0,0,0,0,0,1.0
GestureMidAirD2_normal_21,50,1,1,0,0,1.0,1.0,1.0,0,0,0,0,0,0,1.0
GestureMidAirD2_normal_22,50,1,1,0,0,1.0,1.0,1.0,0,0,0,0,0,0,1.0
GestureMidAirD2_normal_23,50,1,1,0,0,1.0,1.0,1.0,0,0,0,0,0,0,1.0
GestureMidAirD2_normal_24,50,1,1,0,0,1.0,1.0,1.0,0,0,0,0,0,0,1.0
GestureMidAirD2_normal_25,50,1,1,0,0,1.0,1.0,1.0,0,0,0,0,0,0,1.0
GestureMidAirD2_normal_26,50,1,1,0,0,1.0,1.0,1.0,0,0,0,0,0,0,1.0
GestureMidAirD2_normal_3,50,1,1,0,0,1.0,1.0,1.0,0,0,0,0,0,0,1.0
GestureMidAirD2_normal_4,50,1,1,0,0,1.0,1.0,1.0,0,0,0,0,0,0,1.0
GestureMidAirD2_normal_5,50,0,0,0,1,0.0,0.0,0.0,1,1,0,0,0,0,1.0
GestureMidAirD2_normal_6,50,1,1,0,0,1.0,1.0,1.0,0,0,0,0,0,0,1.0
GestureMidAirD2_normal_7,50,1,1,0,0,1.0,1.0,1.0,0,0,0,0,0,0,1.0
GestureMidAirD2_normal_8,50,1,1,0,0,1.0,1.0,1.0,0,0,0,0,0,0,1.0
GestureMidAirD2_normal_9,50,0,0,0,1,0.0,0.0,0.0,1,1,0,0,0,0,1.0
GestureMidAirD3_normal_1,50,1,1,0,0,1.0,1.0,1.0,0,0,0,0,0,0,1.0
GestureMidAirD3_normal_10,50,1,1,0,0,1.0,1.0,1.0,0,0,0,0,0,0,1.0
GestureMidAirD3_normal_11,50,1,1,0,0,1.0,1.0,1.0,0,0,0,0,0,0,1.0
GestureMidAirD3_normal_12,50,1,1,0,0,1.0,1.0,1.0,0,0,0,0,0,0,1.0
GestureMidAirD3_normal_13,50,0,0,0,1,0.0,0.0,0.0,1,0,1,0,0,0,0.0
GestureMidAirD3_normal_14,50,1,1,0,0,1.0,1.0,1.0,0,0,0,0,0,0,1.0
GestureMidAirD3_normal_15,50,0,0,0,1,0.0,0.0,0.0,1,0,1,0,0,0,0.0
GestureMidAirD3_normal_16,50,1,1,0,0,1.0,1.0,1.0,0,0,0,0,0,0,1.0
GestureMidAirD3_normal_17,50,0,0,0,1,0.0,0.0,0.0,1,1,0,0,0,0,1.0
GestureMidAirD3_normal_18,50,1,1,0,0,1.0,1.0,1.0,0,0,0,0,0,0,1.0
GestureMidAirD3_normal_19,50,1,1,0,0,1.0,1.0,1.0,0,0,0,0,0,0,1.0
GestureMidAirD3_normal_2,50,1,1,0,0,1.0,1.0,1.0,0,0,0,0,0,0,1.0
GestureMidAirD3_normal_20,50,1,0,1,1,0.0,0.0,0.0,0,0,0,0,0,0,0.0
GestureMidAirD3_normal_21,50,1,1,0,0,1.0,1.0,1.0,0,0,0,0,0,0,1.0
GestureMidAirD3_normal_22,50,1,1,0,0,1.0,1.0,1.0,0,0,0,0,0,0,1.0
GestureMidAirD3_normal_23,50,0,0,0,1,0.0,0.0,0.0,1,0,1,0,0,0,0.0
GestureMidAirD3_normal_24,50,0,0,0,1,0.0,0.0,0.0,1,1,0,0,0,0,1.0
GestureMidAirD3_normal_25,50,0,0,0,1,0.0,0.0,0.0,1,0,1,0,0,0,0.0
GestureMidAirD3_normal_26,50,1,0,1,1,0.0,0.0,0.0,0,0,0,0,0,0,0.0
GestureMidAirD3_normal_3,50,1,1,0,0,1.0,1.0,1.0,0,0,0,0,0,0,1.0
GestureMidAirD3_normal_4,50,1,0,1,1,0.0,0.0,0.0,0,0,0,0,0,0,0.0
GestureMidAirD3_normal_5,50,1,1,0,0,1.0,1.0,1.0,0,0,0,0,0,0,1.0
GestureMidAirD3_normal_6,50,0,0,0,1,0.0,0.0,0.0,1,1,0,0,0,0,1.0
GestureMidAirD3_normal_7,50,1,0,1,1,0.0,0.0,0.0,0,0,0,0,0,0,0.0
GestureMidAirD3_normal_8,50,0,0,0,1,0.0,0.0,0.0,1,1,0,0,0,0,1.0
GestureMidAirD3_normal_9,50,0,0,0,1,0.0,0.0,0.0,1,0,1,0,0,0,0.0
GesturePebbleZ1_normal_1,50,1,1,0,0,1.0,1.0,1.0,0,0,0,0,0,0,1.0
GesturePebbleZ1_normal_2,50,0,0,0,1,0.0,0.0,0.0,1,0,1,1,1,0,0.6666666666666666
GesturePebbleZ1_normal_3,50,1,1,0,0,1.0,1.0,1.0,0,0,0,0,0,0,1.0
GesturePebbleZ1_normal_4,50,1,1,0,0,1.0,1.0,1.0,0,0,0,0,0,0,1.0
GesturePebbleZ1_normal_5,50,1,1,0,0,1.0,1.0,1.0,0,0,0,0,0,0,1.0
GesturePebbleZ1_normal_6,50,1,1,0,0,1.0,1.0,1.0,0,0,0,0,0,0,1.0
GesturePebbleZ2_normal_1,50,1,0,1,1,0.0,0.0,0.0,0,0,0,0,0,0,0.0
GesturePebbleZ2_normal_2,50,1,1,0,0,1.0,1.0,1.0,0,0,0,0,0,0,1.0
GesturePebbleZ2_normal_3,50,0,0,0,1,0.0,0.0,0.0,1,0,1,1,1,0,0.6666666666666666
GesturePebbleZ2_normal_4,50,1,1,0,0,1.0,1.0,1.0,0,0,0,0,0,0,1.0
GesturePebbleZ2_normal_5,50,0,0,0,1,0.0,0.0,0.0,1,1,0,0,0,0,1.0
GesturePebbleZ2_normal_6,50,1,1,0,0,1.0,1.0,1.0,0,0,0,0,0,0,1.0
GunPointAgeSpan_normal_1,200,1,1,0,3,1.0,0.25,0.4,2,1,1,0,0,0,0.5714285714285714
GunPointAgeSpan_normal_2,200,1,1,0,3,1.0,0.25,0.4,3,3,0,0,0,0,1.0
GunPointMaleVersusFemale_normal_1,200,3,1,2,3,0.3333333333333333,0.25,0.2857142857142857,0,0,0,0,0,0,0.2857142857142857
GunPointMaleVersusFemale_normal_2,200,3,2,1,2,0.6666666666666666,0.5,0.5714285714285714,1,0,1,0,0,0,0.5
GunPointOldVersusYoung_normal_1,200,3,2,1,2,0.6666666666666666,0.5,0.5714285714285714,0,0,0,0,0,0,0.5714285714285714
GunPointOldVersusYoung_normal_2,200,2,1,1,3,0.5,0.25,0.3333333333333333,0,0,0,0,0,0,0.3333333333333333
GunPoint_normal_1,100,2,2,0,0,1.0,1.0,1.0,0,0,0,0,0,0,1.0
GunPoint_normal_2,100,1,1,0,1,1.0,0.5,0.6666666666666666,0,0,0,0,0,0,0.6666666666666666
Ham_normal_1,100,0,0,0,2,0.0,0.0,0.0,1,0,1,0,0,0,0.0
Ham_normal_2,100,1,1,0,1,1.0,0.5,0.6666666666666666,0,0,0,0,0,0,0.6666666666666666
HandOutlines_normal_0,500,0,0,0,10,0.0,0.0,0.0,7,0,7,0,0,0,0.0
HandOutlines_normal_1,850,7,5,2,12,0.7142857142857143,0.29411764705882354,0.4166666666666667,2,0,2,0,0,0,0.38461538461538464
Haptics_normal_1,50,1,0,1,1,0.0,0.0,0.0,0,0,0,0,0,0,0.0
Haptics_normal_2,50,1,0,1,1,0.0,0.0,0.0,0,0,0,0,0,0,0.0
Haptics_normal_3,50,1,0,1,1,0.0,0.0,0.0,0,0,0,0,0,0,0.0
Haptics_normal_4,100,0,0,0,2,0.0,0.0,0.0,1,0,1,0,0,0,0.0
Haptics_normal_5,100,0,0,0,2,0.0,0.0,0.0,1,0,1,0,0,0,0.0
Herring_normal_1,50,0,0,0,1,0.0,0.0,0.0,1,0,1,0,0,0,0.0
Herring_normal_2,50,0,0,0,1,0.0,0.0,0.0,1,0,1,0,0,0,0.0
HouseTwenty_normal_1,50,0,0,0,1,0.0,0.0,0.0,1,1,0,0,0,0,1.0
HouseTwenty_normal_2,50,0,0,0,1,0.0,0.0,0.0,1,0,1,0,0,0,0.0
InlineSkate_normal_1,50,0,0,0,1,0.0,0.0,0.0,1,0,1,0,0,0,0.0
InlineSkate_normal_2,100,0,0,0,2,0.0,0.0,0.0,1,0,1,0,0,0,0.0
InlineSkate_normal_3,100,0,0,0,2,0.0,0.0,0.0,1,1,0,0,0,0,0.6666666666666666
InlineSkate_normal_4,100,1,0,1,2,0.0,0.0,0.0,0,0,0,0,0,0,0.0
InlineSkate_normal_5,100,0,0,0,2,0.0,0.0,0.0,1,1,0,0,0,0,0.6666666666666666
InlineSkate_normal_6,100,0,0,0,2,0.0,0.0,0.0,2,0,2,0,0,0,0.0
InlineSkate_normal_7,50,0,0,0,1,0.0,0.0,0.0,1,1,0,0,0,0,1.0
InsectEPGRegularTrain_normal_1,100,1,1,0,1,1.0,0.5,0.6666666666666666,0,0,0,0,0,0,0.6666666666666666
InsectEPGRegularTrain_normal_2,150,1,1,0,2,1.0,0.3333333333333333,0.5,1,1,0,0,0,0,0.8
InsectEPGRegularTrain_normal_3,50,0,0,0,1,0.0,0.0,0.0,1,0,1,0,0,0,0.0
InsectEPGSmallTrain_normal_1,50,0,0,0,1,0.0,0.0,0.0,1,0,1,0,0,0,0.0
InsectEPGSmallTrain_normal_2,100,2,1,1,1,0.5,0.5,0.5,0,0,0,0,0,0,0.5
InsectEPGSmallTrain_normal_3,50,0,0,0,1,0.0,0.0,0.0,1,1,0,0,0,0,1.0
InsectWingbeatSound_normal_1,200,4,4,0,0,1.0,1.0,1.0,0,0,0,0,0,0,1.0
InsectWingbeatSound_normal_10,200,2,1,1,3,0.5,0.25,0.3333333333333333,2,1,1,0,0,0,0.5
InsectWingbeatSound_normal_11,200,1,1,0,3,1.0,0.25,0.4,2,1,1,0,0,0,0.5714285714285714
InsectWingbeatSound_normal_2,200,1,1,0,3,1.0,0.25,0.4,1,0,1,0,0,0,0.3333333333333333
InsectWingbeatSound_normal_3,200,3,3,0,1,1.0,0.75,0.8571428571428571,0,0,0,0,0,0,0.8571428571428571
InsectWingbeatSound_normal_4,200,4,3,1,1,0.75,0.75,0.75,0,0,0,0,0,0,0.75
InsectWingbeatSound_normal_5,200,1,1,0,3,1.0,0.25,0.4,2,2,0,0,0,0,0.8571428571428571
InsectWingbeatSound_normal_6,200,0,0,0,4,0.0,0.0,0.0,2,1,1,0,0,0,0.3333333333333333
InsectWingbeatSound_normal_7,200,2,2,0,2,1.0,0.5,0.6666666666666666,1,0,1,0,0,0,0.5714285714285714
InsectWingbeatSound_normal_8,200,2,2,0,2,1.0,0.5,0.6666666666666666,1,0,1,0,0,0,0.5714285714285714
InsectWingbeatSound_normal_9,200,3,3,0,1,1.0,0.75,0.8571428571428571,1,0,1,0,0,0,0.75
ItalyPowerDemand_normal_1,550,4,3,1,8,0.75,0.2727272727272727,0.4,0,0,0,0,0,0,0.4
ItalyPowerDemand_normal_2,550,2,1,1,10,0.5,0.09090909090909091,0.15384615384615385,3,3,0,0,0,0,0.5
LargeKitchenAppliances_normal_1,250,2,0,2,5,0.0,0.0,0.0,1,0,1,0,0,0,0.0
LargeKitchenAppliances_normal_2,250,1,0,1,5,0.0,0.0,0.0,2,1,1,0,0,0,0.25
LargeKitchenAppliances_normal_3,250,5,0,5,5,0.0,0.0,0.0,1,1,0,0,0,0,0.18181818181818182
Lightning2_normal_-1,50,1,0,1,1,0.0,0.0,0.0,0,0,0,0,0,0,0.0
Lightning2_normal_1,50,0,0,0,1,0.0,0.0,0.0,1,0,1,0,0,0,0.0
Lightning7_normal_0,50,1,1,0,0,1.0,1.0,1.0,0,0,0,0,0,0,1.0
Lightning7_normal_1,50,0,0,0,1,0.0,0.0,0.0,1,0,1,0,0,0,0.0
Lightning7_normal_2,50,0,0,0,1,0.0,0.0,0.0,1,1,0,0,0,0,1.0
Lightning7_normal_3,50,1,1,0,0,1.0,1.0,1.0,0,0,0,0,0,0,1.0
Lightning7_normal_4,50,0,0,0,1,0.0,0.0,0.0,1,1,0,0,0,0,1.0
Lightning7_normal_5,50,0,0,0,1,0.0,0.0,0.0,1,0,1,1,1,0,0.6666666666666666
Lightning7_normal_6,50,1,1,0,0,1.0,1.0,1.0,0,0,0,0,0,0,1.0
Mallat_normal_1,300,6,6,0,0,1.0,1.0,1.0,0,0,0,0,0,0,1.0
Mallat_normal_2,300,6,6,0,0,1.0,1.0,1.0,0,0,0,0,0,0,1.0
Mallat_normal_3,300,6,6,0,0,1.0,1.0,1.0,0,0,0,0,0,0,1.0
Mallat_normal_4,300,5,5,0,1,1.0,0.8333333333333334,0.9090909090909091,0,0,0,0,0,0,0.9090909090909091
Mallat_normal_5,300,6,6,0,0,1.0,1.0,1.0,0,0,0,0,0,0,1.0
Mallat_normal_6,300,6,6,0,0,1.0,1.0,1.0,0,0,0,0,0,0,1.0
Mallat_normal_7,300,6,6,0,0,1.0,1.0,1.0,0,0,0,0,0,0,1.0
Mallat_normal_8,300,6,6,0,0,1.0,1.0,1.0,0,0,0,0,0,0,1.0
Meat_normal_1,50,1,1,0,0,1.0,1.0,1.0,0,0,0,0,0,0,1.0
Meat_normal_2,50,0,0,0,1,0.0,0.0,0.0,1,1,0,0,0,0,1.0
Meat_normal_3,50,1,1,0,0,1.0,1.0,1.0,0,0,0,0,0,0,1.0
MedicalImages_normal_1,100,2,2,0,0,1.0,1.0,1.0,0,0,0,0,0,0,1.0
MedicalImages_normal_10,600,5,5,0,7,1.0,0.4166666666666667,0.5882352941176471,2,1,1,0,0,0,0.631578947368421
MedicalImages_normal_2,50,0,0,0,1,0.0,0.0,0.0,1,1,0,0,0,0,1.0
MedicalImages_normal_3,50,1,0,1,1,0.0,0.0,0.0,0,0,0,0,0,0,0.0
MedicalImages_normal_4,50,1,1,0,0,1.0,1.0,1.0,0,0,0,0,0,0,1.0
MedicalImages_normal_5,50,1,1,0,0,1.0,1.0,1.0,0,0,0,0,0,0,1.0
MedicalImages_normal_6,50,1,1,0,0,1.0,1.0,1.0,0,0,0,0,0,0,1.0
MedicalImages_normal_7,50,1,1,0,0,1.0,1.0,1.0,0,0,0,0,0,0,1.0
MedicalImages_normal_8,50,1,1,0,0,1.0,1.0,1.0,0,0,0,0,0,0,1.0
MedicalImages_normal_9,100,2,1,1,1,0.5,0.5,0.5,0,0,0,0,0,0,0.5
MelbournePedestrian_normal_1,350,5,5,0,2,1.0,0.7142857142857143,0.8333333333333334,4,1,3,0,0,0,0.75
MelbournePedestrian_normal_10,350,1,1,0,6,1.0,0.14285714285714285,0.25,7,4,3,0,0,0,0.6666666666666666
MelbournePedestrian_normal_2,350,3,2,1,5,0.6666666666666666,0.2857142857142857,0.4,4,4,0,0,0,0,0.8571428571428571
MelbournePedestrian_normal_3,350,3,0,3,7,0.0,0.0,0.0,3,1,2,0,0,0,0.15384615384615385
MelbournePedestrian_normal_4,350,2,2,0,5,1.0,0.2857142857142857,0.4444444444444444,4,4,0,0,0,0,0.9230769230769231
MelbournePedestrian_normal_5,350,7,5,2,2,0.7142857142857143,0.7142857142857143,0.7142857142857143,0,0,0,0,0,0,0.7142857142857143
MelbournePedestrian_normal_6,350,0,0,0,7,0.0,0.0,0.0,4,1,3,0,0,0,0.18181818181818182
MelbournePedestrian_normal_7,350,7,6,1,1,0.8571428571428571,0.8571428571428571,0.8571428571428571,0,0,0,0,0,0,0.8571428571428571
MelbournePedestrian_normal_8,350,0,0,0,7,0.0,0.0,0.0,5,2,3,0,0,0,0.3333333333333333
MelbournePedestrian_normal_9,350,1,0,1,7,0.0,0.0,0.0,4,3,1,0,0,0,0.5
MiddlePhalanxOutlineAgeGroup_normal_1,50,1,0,1,1,0.0,0.0,0.0,0,0,0,0,0,0,0.0
MiddlePhalanxOutlineAgeGroup_normal_2,200,0,0,0,4,0.0,0.0,0.0,6,2,4,0,0,0,0.4
MiddlePhalanxOutlineAgeGroup_normal_3,250,1,0,1,5,0.0,0.0,0.0,4,3,1,0,0,0,0.6
MiddlePhalanxOutlineCorrect_normal_0,300,1,0,1,6,0.0,0.0,0.0,3,0,3,0,0,0,0.0
MiddlePhalanxOutlineCorrect_normal_1,550,1,1,0,10,1.0,0.09090909090909091,0.16666666666666666,5,2,3,0,0,0,0.35294117647058826
MiddlePhalanxTW_normal_3,50,1,1,0,0,1.0,1.0,1.0,0,0,0,0,0,0,1.0
MiddlePhalanxTW_normal_4,100,0,0,0,2,0.0,0.0,0.0,2,0,2,0,0,0,0.0
MiddlePhalanxTW_normal_5,50,0,0,0,1,0.0,0.0,0.0,1,0,1,0,0,0,0.0
MiddlePhalanxTW_normal_6,50,1,1,0,0,1.0,1.0,1.0,0,0,0,0,0,0,1.0
MiddlePhalanxTW_normal_7,50,0,0,0,1,0.0,0.0,0.0,1,1,0,0,0,0,1.0
MiddlePhalanxTW_normal_8,200,4,4,0,0,1.0,1.0,1.0,0,0,0,0,0,0,1.0
MixedShapesRegularTrain_normal_1,550,1,0,1,11,0.0,0.0,0.0,4,3,1,0,0,0,0.375
MixedShapesRegularTrain_normal_2,750,15,15,0,0,1.0,1.0,1.0,0,0,0,0,0,0,1.0
MixedShapesRegularTrain_normal_3,500,3,1,2,9,0.3333333333333333,0.1,0.15384615384615385,2,1,1,0,0,0,0.26666666666666666
MixedShapesRegularTrain_normal_4,650,5,1,4,12,0.2,0.07692307692307693,0.1111111111111111,2,2,0,0,0,0,0.3
MixedShapesRegularTrain_normal_5,400,6,5,1,3,0.8333333333333334,0.625,0.7142857142857143,0,0,0,0,0,0,0.7142857142857143
MixedShapesSmallTrain_normal_1,450,0,0,0,9,0.0,0.0,0.0,2,1,1,0,0,0,0.18181818181818182
MixedShapesSmallTrain_normal_2,650,13,12,1,1,0.9230769230769231,0.9230769230769231,0.9230769230769231,0,0,0,0,0,0,0.9230769230769231
MixedShapesSmallTrain_normal_3,400,2,0,2,8,0.0,0.0,0.0,4,1,3,0,0,0,0.14285714285714285
MixedShapesSmallTrain_normal_4,600,0,0,0,12,0.0,0.0,0.0,6,4,2,0,0,0,0.4444444444444444
MixedShapesSmallTrain_normal_5,300,6,4,2,2,0.6666666666666666,0.6666666666666666,0.6666666666666666,0,0,0,0,0,0,0.6666666666666666
MoteStrain_normal_1,650,7,6,1,7,0.8571428571428571,0.46153846153846156,0.6,1,0,1,0,0,0,0.5714285714285714
MoteStrain_normal_2,550,0,0,0,11,0.0,0.0,0.0,3,0,3,1,1,0,0.13333333333333333
NonInvasiveFetalECGThorax1_normal_1,50,1,1,0,0,1.0,1.0,1.0,0,0,0,0,0,0,1.0
NonInvasiveFetalECGThorax1_normal_10,50,1,1,0,0,1.0,1.0,1.0,0,0,0,0,0,0,1.0
NonInvasiveFetalECGThorax1_normal_11,50,1,1,0,0,1.0,1.0,1.0,0,0,0,0,0,0,1.0
NonInvasiveFetalECGThorax1_normal_12,50,1,1,0,0,1.0,1.0,1.0,0,0,0,0,0,0,1.0
NonInvasiveFetalECGThorax1_normal_13,50,1,1,0,0,1.0,1.0,1.0,0,0,0,0,0,0,1.0
NonInvasiveFetalECGThorax1_normal_14,50,1,1,0,0,1.0,1.0,1.0,0,0,0,0,0,0,1.0
NonInvasiveFetalECGThorax1_normal_15,100,1,1,0,1,1.0,0.5,0.6666666666666666,0,0,0,0,0,0,0.6666666666666666
NonInvasiveFetalECGThorax1_normal_16,50,1,1,0,0,1.0,1.0,1.0,0,0,0,0,0,0,1.0
NonInvasiveFetalECGThorax1_normal_17,50,1,1,0,0,1.0,1.0,1.0,0,0,0,0,0,0,1.0
NonInvasiveFetalECGThorax1_normal_18,50,1,1,0,0,1.0,1.0,1.0,0,0,0,0,0,0,1.0
NonInvasiveFetalECGThorax1_normal_19,50,1,1,0,0,1.0,1.0,1.0,0,0,0,0,0,0,1.0
NonInvasiveFetalECGThorax1_normal_2,50,1,1,0,0,1.0,1.0,1.0,0,0,0,0,0,0,1.0
NonInvasiveFetalECGThorax1_normal_20,50,1,1,0,0,1.0,1.0,1.0,0,0,0,0,0,0,1.0
NonInvasiveFetalECGThorax1_normal_21,50,1,1,0,0,1.0,1.0,1.0,0,0,0,0,0,0,1.0
NonInvasiveFetalECGThorax1_normal_22,50,1,1,0,0,1.0,1.0,1.0,0,0,0,0,0,0,1.0
NonInvasiveFetalECGThorax1_normal_23,50,1,0,1,1,0.0,0.0,0.0,0,0,0,0,0,0,0.0
NonInvasiveFetalECGThorax1_normal_24,50,1,1,0,0,1.0,1.0,1.0,0,0,0,0,0,0,1.0
NonInvasiveFetalECGThorax1_normal_25,50,1,1,0,0,1.0,1.0,1.0,0,0,0,0,0,0,1.0
NonInvasiveFetalECGThorax1_normal_26,50,1,1,0,0,1.0,1.0,1.0,0,0,0,0,0,0,1.0
NonInvasiveFetalECGThorax1_normal_27,50,1,1,0,0,1.0,1.0,1.0,0,0,0,0,0,0,1.0
NonInvasiveFetalECGThorax1_normal_28,50,1,0,1,1,0.0,0.0,0.0,0,0,0,0,0,0,0.0
NonInvasiveFetalECGThorax1_normal_29,50,1,0,1,1,0.0,0.0,0.0,0,0,0,0,0,0,0.0
NonInvasiveFetalECGThorax1_normal_3,50,1,1,0,0,1.0,1.0,1.0,0,0,0,0,0,0,1.0
NonInvasiveFetalECGThorax1_normal_30,50,1,1,0,0,1.0,1.0,1.0,0,0,0,0,0,0,1.0
NonInvasiveFetalECGThorax1_normal_31,50,1,0,1,1,0.0,0.0,0.0,0,0,0,0,0,0,0.0
NonInvasiveFetalECGThorax1_normal_32,50,1,1,0,0,1.0,1.0,1.0,0,0,0,0,0,0,1.0
NonInvasiveFetalECGThorax1_normal_33,50,1,1,0,0,1.0,1.0,1.0,0,0,0,0,0,0,1.0
NonInvasiveFetalECGThorax1_normal_34,50,1,1,0,0,1.0,1.0,1.0,0,0,0,0,0,0,1.0
NonInvasiveFetalECGThorax1_normal_35,50,1,1,0,0,1.0,1.0,1.0,0,0,0,0,0,0,1.0
NonInvasiveFetalECGThorax1_normal_36,50,0,0,0,1,0.0,0.0,0.0,1,0,1,0,0,0,0.0
NonInvasiveFetalECGThorax1_normal_37,50,1,1,0,0,1.0,1.0,1.0,0,0,0,0,0,0,1.0
NonInvasiveFetalECGThorax1_normal_38,50,1,1,0,0,1.0,1.0,1.0,0,0,0,0,0,0,1.0
NonInvasiveFetalECGThorax1_normal_39,50,1,1,0,0,1.0,1.0,1.0,0,0,0,0,0,0,1.0
NonInvasiveFetalECGThorax1_normal_4,50,1,1,0,0,1.0,1.0,1.0,0,0,0,0,0,0,1.0
NonInvasiveFetalECGThorax1_normal_40,50,0,0,0,1,0.0,0.0,0.0,1,1,0,0,0,0,1.0
NonInvasiveFetalECGThorax1_normal_41,50,1,1,0,0,1.0,1.0,1.0,0,0,0,0,0,0,1.0
NonInvasiveFetalECGThorax1_normal_42,50,1,1,0,0,1.0,1.0,1.0,0,0,0,0,0,0,1.0
NonInvasiveFetalECGThorax1_normal_5,50,1,1,0,0,1.0,1.0,1.0,0,0,0,0,0,0,1.0
NonInvasiveFetalECGThorax1_normal_6,50,1,1,0,0,1.0,1.0,1.0,0,0,0,0,0,0,1.0
NonInvasiveFetalECGThorax1_normal_7,50,1,1,0,0,1.0,1.0,1.0,0,0,0,0,0,0,1.0
NonInvasiveFetalECGThorax1_normal_8,50,0,0,0,1,0.0,0.0,0.0,1,0,1,1,1,0,0.6666666666666666
NonInvasiveFetalECGThorax1_normal_9,50,0,0,0,1,0.0,0.0,0.0,1,1,0,0,0,0,1.0
NonInvasiveFetalECGThorax2_normal_1,50,0,0,0,1,0.0,0.0,0.0,1,0,1,0,0,0,0.0
NonInvasiveFetalECGThorax2_normal_10,50,1,1,0,0,1.0,1.0,1.0,0,0,0,0,0,0,1.0
NonInvasiveFetalECGThorax2_normal_11,50,1,1,0,0,1.0,1.0,1.0,0,0,0,0,0,0,1.0
NonInvasiveFetalECGThorax2_normal_12,50,1,0,1,1,0.0,0.0,0.0,0,0,0,0,0,0,0.0
NonInvasiveFetalECGThorax2_normal_13,50,1,1,0,0,1.0,1.0,1.0,0,0,0,0,0,0,1.0
NonInvasiveFetalECGThorax2_normal_14,50,1,1,0,0,1.0,1.0,1.0,0,0,0,0,0,0,1.0
NonInvasiveFetalECGThorax2_normal_15,100,2,2,0,0,1.0,1.0,1.0,0,0,0,0,0,0,1.0
NonInvasiveFetalECGThorax2_normal_16,50,1,1,0,0,1.0,1.0,1.0,0,0,0,0,0,0,1.0
NonInvasiveFetalECGThorax2_normal_17,50,1,1,0,0,1.0,1.0,1.0,0,0,0,0,0,0,1.0
NonInvasiveFetalECGThorax2_normal_18,50,1,1,0,0,1.0,1.0,1.0,0,0,0,0,0,0,1.0
NonInvasiveFetalECGThorax2_normal_19,50,1,1,0,0,1.0,1.0,1.0,0,0,0,0,0,0,1.0
NonInvasiveFetalECGThorax2_normal_2,50,1,1,0,0,1.0,1.0,1.0,0,0,0,0,0,0,1.0
NonInvasiveFetalECGThorax2_normal_20,50,1,1,0,0,1.0,1.0,1.0,0,0,0,0,0,0,1.0
NonInvasiveFetalECGThorax2_normal_21,50,1,1,0,0,1.0,1.0,1.0,0,0,0,0,0,0,1.0
NonInvasiveFetalECGThorax2_normal_22,50,1,1,0,0,1.0,1.0,1.0,0,0,0,0,0,0,1.0
NonInvasiveFetalECGThorax2_normal_23,50,1,0,1,1,0.0,0.0,0.0,0,0,0,0,0,0,0.0
NonInvasiveFetalECGThorax2_normal_24,50,1,1,0,0,1.0,1.0,1.0,0,0,0,0,0,0,1.0
NonInvasiveFetalECGThorax2_normal_25,50,1,1,0,0,1.0,1.0,1.0,0,0,0,0,0,0,1.0
NonInvasiveFetalECGThorax2_normal_26,50,1,1,0,0,1.0,1.0,1.0,0,0,0,0,0,0,1.0
NonInvasiveFetalECGThorax2_normal_27,50,0,0,0,1,0.0,0.0,0.0,1,0,1,0,0,0,0.0
NonInvasiveFetalECGThorax2_normal_28,50,0,0,0,1,0.0,0.0,0.0,1,0,1,0,0,0,0.0
NonInvasiveFetalECGThorax2_normal_29,50,1,1,0,0,1.0,1.0,1.0,0,0,0,0,0,0,1.0
NonInvasiveFetalECGThorax2_normal_3,50,0,0,0,1,0.0,0.0,0.0,1,0,1,0,0,0,0.0
NonInvasiveFetalECGThorax2_normal_30,50,1,1,0,0,1.0,1.0,1.0,0,0,0,0,0,0,1.0
NonInvasiveFetalECGThorax2_normal_31,50,1,1,0,0,1.0,1.0,1.0,0,0,0,0,0,0,1.0
NonInvasiveFetalECGThorax2_normal_32,50,1,0,1,1,0.0,0.0,0.0,0,0,0,0,0,0,0.0
NonInvasiveFetalECGThorax2_normal_33,50,0,0,0,1,0.0,0.0,0.0,1,1,0,0,0,0,1.0
NonInvasiveFetalECGThorax2_normal_34,50,1,1,0,0,1.0,1.0,1.0,0,0,0,0,0,0,1.0
NonInvasiveFetalECGThorax2_normal_35,50,1,1,0,0,1.0,1.0,1.0,0,0,0,0,0,0,1.0
NonInvasiveFetalECGThorax2_normal_36,50,1,1,0,0,1.0,1.0,1.0,0,0,0,0,0,0,1.0
NonInvasiveFetalECGThorax2_normal_37,50,1,1,0,0,1.0,1.0,1.0,0,0,0,0,0,0,1.0
NonInvasiveFetalECGThorax2_normal_38,50,1,1,0,0,1.0,1.0,1.0,0,0,0,0,0,0,1.0
NonInvasiveFetalECGThorax2_normal_39,50,1,1,0,0,1.0,1.0,1.0,0,0,0,0,0,0,1.0
NonInvasiveFetalECGThorax2_normal_4,50,1,1,0,0,1.0,1.0,1.0,0,0,0,0,0,0,1.0
NonInvasiveFetalECGThorax2_normal_40,50,1,1,0,0,1.0,1.0,1.0,0,0,0,0,0,0,1.0
NonInvasiveFetalECGThorax2_normal_41,50,1,1,0,0,1.0,1.0,1.0,0,0,0,0,0,0,1.0
NonInvasiveFetalECGThorax2_normal_42,50,1,0,1,1,0.0,0.0,0.0,0,0,0,0,0,0,0.0
NonInvasiveFetalECGThorax2_normal_5,50,1,0,1,1,0.0,0.0,0.0,0,0,0,0,0,0,0.0
NonInvasiveFetalECGThorax2_normal_6,50,1,1,0,0,1.0,1.0,1.0,0,0,0,0,0,0,1.0
NonInvasiveFetalECGThorax2_normal_7,50,1,1,0,0,1.0,1.0,1.0,0,0,0,0,0,0,1.0
NonInvasiveFetalECGThorax2_normal_8,50,1,1,0,0,1.0,1.0,1.0,0,0,0,0,0,0,1.0
NonInvasiveFetalECGThorax2_normal_9,50,1,0,1,1,0.0,0.0,0.0,0,0,0,0,0,0,0.0
OSULeaf_normal_1,50,1,1,0,0,1.0,1.0,1.0,0,0,0,0,0,0,1.0
OSULeaf_normal_2,50,0,0,0,1,0.0,0.0,0.0,1,0,1,0,0,0,0.0
OSULeaf_normal_3,50,0,0,0,1,0.0,0.0,0.0,1,0,1,0,0,0,0.0
OSULeaf_normal_4,50,1,1,0,0,1.0,1.0,1.0,0,0,0,0,0,0,1.0
OSULeaf_normal_5,50,1,0,1,1,0.0,0.0,0.0,0,0,0,0,0,0,0.0
OSULeaf_normal_6,50,1,1,0,0,1.0,1.0,1.0,0,0,0,0,0,0,1.0
OliveOil_normal_1,50,1,1,0,0,1.0,1.0,1.0,0,0,0,0,0,0,1.0
OliveOil_normal_2,50,1,1,0,0,1.0,1.0,1.0,0,0,0,0,0,0,1.0
OliveOil_normal_3,50,1,1,0,0,1.0,1.0,1.0,0,0,0,0,0,0,1.0
OliveOil_normal_4,50,0,0,0,1,0.0,0.0,0.0,1,0,1,0,0,0,0.0
PLAID_normal_0,50,0,0,0,1,0.0,0.0,0.0,1,0,1,1,0,1,0.0
PLAID_normal_1,150,1,1,0,2,1.0,0.3333333333333333,0.5,1,1,0,0,0,0,0.8
PLAID_normal_10,50,1,0,1,1,0.0,0.0,0.0,0,0,0,0,0,0,0.0
PLAID_normal_2,100,0,0,0,2,0.0,0.0,0.0,1,0,1,0,0,0,0.0
PLAID_normal_3,50,0,0,0,1,0.0,0.0,0.0,1,1,0,0,0,0,1.0
PLAID_normal_4,150,0,0,0,3,0.0,0.0,0.0,2,1,1,0,0,0,0.4
PLAID_normal_5,50,0,0,0,1,0.0,0.0,0.0,1,1,0,0,0,0,1.0
PLAID_normal_6,100,0,0,0,2,0.0,0.0,0.0,1,1,0,0,0,0,0.6666666666666666
PLAID_normal_7,150,2,0,2,3,0.0,0.0,0.0,1,1,0,0,0,0,0.3333333333333333
PLAID_normal_8,100,2,2,0,0,1.0,1.0,1.0,0,0,0,0,0,0,1.0
PLAID_normal_9,50,1,1,0,0,1.0,1.0,1.0,0,0,0,0,0,0,1.0
PhalangesOutlinesCorrect_normal_0,950,4,0,4,19,0.0,0.0,0.0,3,0,3,0,0,0,0.0
PhalangesOutlinesCorrect_normal_1,1700,6,4,2,30,0.6666666666666666,0.11764705882352941,0.2,2,0,2,0,0,0,0.19047619047619047
Phoneme_normal_1,50,0,0,0,1,0.0,0.0,0.0,1,1,0,0,0,0,1.0
Phoneme_normal_10,50,1,1,0,0,1.0,1.0,1.0,0,0,0,0,0,0,1.0
Phoneme_normal_11,50,0,0,0,1,0.0,0.0,0.0,1,0,1,0,0,0,0.0
Phoneme_normal_12,50,0,0,0,1,0.0,0.0,0.0,1,0,1,0,0,0,0.0
Phoneme_normal_13,50,1,0,1,1,0.0,0.0,0.0,0,0,0,0,0,0,0.0
Phoneme_normal_14,50,0,0,0,1,0.0,0.0,0.0,1,0,1,0,0,0,0.0
Phoneme_normal_15,50,1,1,0,0,1.0,1.0,1.0,0,0,0,0,0,0,1.0
Phoneme_normal_16,50,0,0,0,1,0.0,0.0,0.0,1,0,1,1,1,0,0.6666666666666666
Phoneme_normal_17,100,1,1,0,1,1.0,0.5,0.6666666666666666,0,0,0,0,0,0,0.6666666666666666
Phoneme_normal_18,50,0,0,0,1,0.0,0.0,0.0,1,0,1,0,0,0,0.0
Phoneme_normal_19,50,0,0,0,1,0.0,0.0,0.0,1,0,1,0,0,0,0.0
Phoneme_normal_2,50,1,0,1,1,0.0,0.0,0.0,0,0,0,0,0,0,0.0
Phoneme_normal_20,100,0,0,0,2,0.0,0.0,0.0,1,0,1,0,0,0,0.0
Phoneme_normal_21,100,0,0,0,2,0.0,0.0,0.0,2,1,1,0,0,0,0.5
Phoneme_normal_22,50,1,0,1,1,0.0,0.0,0.0,0,0,0,0,0,0,0.0
Phoneme_normal_23,150,0,0,0,3,0.0,0.0,0.0,2,1,1,0,0,0,0.4
Phoneme_normal_24,50,0,0,0,1,0.0,0.0,0.0,1,0,1,0,0,0,0.0
Phoneme_normal_25,50,1,1,0,0,1.0,1.0,1.0,0,0,0,0,0,0,1.0
Phoneme_normal_26,50,1,0,1,1,0.0,0.0,0.0,0,0,0,0,0,0,0.0
Phoneme_normal_27,50,0,0,0,1,0.0,0.0,0.0,1,0,1,0,0,0,0.0
Phoneme_normal_28,100,0,0,0,2,0.0,0.0,0.0,1,0,1,0,0,0,0.0
Phoneme_normal_29,100,1,1,0,1,1.0,0.5,0.6666666666666666,0,0,0,0,0,0,0.6666666666666666
Phoneme_normal_3,200,0,0,0,4,0.0,0.0,0.0,2,1,1,0,0,0,0.3333333333333333
Phoneme_normal_30,50,1,1,0,0,1.0,1.0,1.0,0,0,0,0,0,0,1.0
Phoneme_normal_31,100,0,0,0,2,0.0,0.0,0.0,1,0,1,0,0,0,0.0
Phoneme_normal_32,50,1,1,0,0,1.0,1.0,1.0,0,0,0,0,0,0,1.0
Phoneme_normal_33,50,1,0,1,1,0.0,0.0,0.0,0,0,0,0,0,0,0.0
Phoneme_normal_34,50,0,0,0,1,0.0,0.0,0.0,1,0,1,0,0,0,0.0
Phoneme_normal_35,50,0,0,0,1,0.0,0.0,0.0,1,1,0,0,0,0,1.0
Phoneme_normal_36,50,1,1,0,0,1.0,1.0,1.0,0,0,0,0,0,0,1.0
Phoneme_normal_37,50,0,0,0,1,0.0,0.0,0.0,1,0,1,0,0,0,0.0
Phoneme_normal_38,50,0,0,0,1,0.0,0.0,0.0,1,1,0,0,0,0,1.0
Phoneme_normal_39,50,1,1,0,0,1.0,1.0,1.0,0,0,0,0,0,0,1.0
Phoneme_normal_4,50,0,0,0,1,0.0,0.0,0.0,1,0,1,0,0,0,0.0
Phoneme_normal_5,50,1,0,1,1,0.0,0.0,0.0,0,0,0,0,0,0,0.0
Phoneme_normal_6,50,0,0,0,1,0.0,0.0,0.0,1,0,1,0,0,0,0.0
Phoneme_normal_7,50,0,0,0,1,0.0,0.0,0.0,1,0,1,0,0,0,0.0
Phoneme_normal_8,50,0,0,0,1,0.0,0.0,0.0,1,0,1,0,0,0,0.0
Phoneme_normal_9,50,0,0,0,1,0.0,0.0,0.0,1,1,0,0,0,0,1.0
PickupGestureWiimoteZ_normal_1,50,1,1,0,0,1.0,1.0,1.0,0,0,0,0,0,0,1.0
PickupGestureWiimoteZ_normal_10,50,1,1,0,0,1.0,1.0,1.0,0,0,0,0,0,0,1.0
PickupGestureWiimoteZ_normal_2,50,1,0,1,1,0.0,0.0,0.0,0,0,0,0,0,0,0.0
PickupGestureWiimoteZ_normal_3,50,0,0,0,1,0.0,0.0,0.0,1,1,0,0,0,0,1.0
PickupGestureWiimoteZ_normal_4,50,1,1,0,0,1.0,1.0,1.0,0,0,0,0,0,0,1.0
PickupGestureWiimoteZ_normal_5,50,1,1,0,0,1.0,1.0,1.0,0,0,0,0,0,0,1.0
PickupGestureWiimoteZ_normal_6,50,1,1,0,0,1.0,1.0,1.0,0,0,0,0,0,0,1.0
PickupGestureWiimoteZ_normal_7,50,1,1,0,0,1.0,1.0,1.0,0,0,0,0,0,0,1.0
PickupGestureWiimoteZ_normal_8,50,0,0,0,1,0.0,0.0,0.0,1,1,0,0,0,0,1.0
PickupGestureWiimoteZ_normal_9,50,1,1,0,0,1.0,1.0,1.0,0,0,0,0,0,0,1.0
PigAirwayPressure_normal_1,50,1,1,0,0,1.0,1.0,1.0,0,0,0,0,0,0,1.0
PigAirwayPressure_normal_10,50,1,1,0,0,1.0,1.0,1.0,0,0,0,0,0,0,1.0
PigAirwayPressure_normal_11,50,1,0,1,1,0.0,0.0,0.0,0,0,0,0,0,0,0.0
PigAirwayPressure_normal_12,50,1,1,0,0,1.0,1.0,1.0,0,0,0,0,0,0,1.0
PigAirwayPressure_normal_13,50,1,1,0,0,1.0,1.0,1.0,0,0,0,0,0,0,1.0
PigAirwayPressure_normal_14,50,1,1,0,0,1.0,1.0,1.0,0,0,0,0,0,0,1.0
PigAirwayPressure_normal_15,50,1,0,1,1,0.0,0.0,0.0,0,0,0,0,0,0,0.0
PigAirwayPressure_normal_16,50,1,1,0,0,1.0,1.0,1.0,0,0,0,0,0,0,1.0
PigAirwayPressure_normal_17,50,1,1,0,0,1.0,1.0,1.0,0,0,0,0,0,0,1.0
PigAirwayPressure_normal_18,50,1,1,0,0,1.0,1.0,1.0,0,0,0,0,0,0,1.0
PigAirwayPressure_normal_19,50,1,0,1,1,0.0,0.0,0.0,0,0,0,0,0,0,0.0
PigAirwayPressure_normal_2,50,1,1,0,0,1.0,1.0,1.0,0,0,0,0,0,0,1.0
PigAirwayPressure_normal_20,50,1,0,1,1,0.0,0.0,0.0,0,0,0,0,0,0,0.0
PigAirwayPressure_normal_21,50,1,1,0,0,1.0,1.0,1.0,0,0,0,0,0,0,1.0
PigAirwayPressure_normal_22,50,1,1,0,0,1.0,1.0,1.0,0,0,0,0,0,0,1.0
PigAirwayPressure_normal_23,50,1,0,1,1,0.0,0.0,0.0,0,0,0,0,0,0,0.0
PigAirwayPressure_normal_24,50,1,0,1,1,0.0,0.0,0.0,0,0,0,0,0,0,0.0
PigAirwayPressure_normal_25,50,1,1,0,0,1.0,1.0,1.0,0,0,0,0,0,0,1.0
PigAirwayPressure_normal_26,50,1,1,0,0,1.0,1.0,1.0,0,0,0,0,0,0,1.0
PigAirwayPressure_normal_27,50,1,1,0,0,1.0,1.0,1.0,0,0,0,0,0,0,1.0
PigAirwayPressure_normal_28,50,1,1,0,0,1.0,1.0,1.0,0,0,0,0,0,0,1.0
PigAirwayPressure_normal_29,50,1,0,1,1,0.0,0.0,0.0,0,0,0,0,0,0,0.0
PigAirwayPressure_normal_3,50,1,0,1,1,0.0,0.0,0.0,0,0,0,0,0,0,0.0
PigAirwayPressure_normal_30,50,1,1,0,0,1.0,1.0,1.0,0,0,0,0,0,0,1.0
PigAirwayPressure_normal_31,50,1,0,1,1,0.0,0.0,0.0,0,0,0,0,0,0,0.0
PigAirwayPressure_normal_32,50,0,0,0,1,0.0,0.0,0.0,1,0,1,0,0,0,0.0
PigAirwayPressure_normal_33,50,1,0,1,1,0.0,0.0,0.0,0,0,0,0,0,0,0.0
PigAirwayPressure_normal_34,50,1,0,1,1,0.0,0.0,0.0,0,0,0,0,0,0,0.0
PigAirwayPressure_normal_35,50,1,1,0,0,1.0,1.0,1.0,0,0,0,0,0,0,1.0
PigAirwayPressure_normal_36,50,1,0,1,1,0.0,0.0,0.0,0,0,0,0,0,0,0.0
PigAirwayPressure_normal_37,50,1,1,0,0,1.0,1.0,1.0,0,0,0,0,0,0,1.0
PigAirwayPressure_normal_38,50,1,0,1,1,0.0,0.0,0.0,0,0,0,0,0,0,0.0
PigAirwayPressure_normal_39,50,1,1,0,0,1.0,1.0,1.0,0,0,0,0,0,0,1.0
PigAirwayPressure_normal_4,50,1,0,1,1,0.0,0.0,0.0,0,0,0,0,0,0,0.0
PigAirwayPressure_normal_40,50,1,0,1,1,0.0,0.0,0.0,0,0,0,0,0,0,0.0
PigAirwayPressure_normal_41,50,1,1,0,0,1.0,1.0,1.0,0,0,0,0,0,0,1.0
PigAirwayPressure_normal_42,50,1,0,1,1,0.0,0.0,0.0,0,0,0,0,0,0,0.0
PigAirwayPressure_normal_43,50,0,0,0,1,0.0,0.0,0.0,1,1,0,0,0,0,1.0
PigAirwayPressure_normal_44,50,1,0,1,1,0.0,0.0,0.0,0,0,0,0,0,0,0.0
PigAirwayPressure_normal_45,50,1,1,0,0,1.0,1.0,1.0,0,0,0,0,0,0,1.0
PigAirwayPressure_normal_46,50,1,0,1,1,0.0,0.0,0.0,0,0,0,0,0,0,0.0
PigAirwayPressure_normal_47,50,1,1,0,0,1.0,1.0,1.0,0,0,0,0,0,0,1.0
PigAirwayPressure_normal_48,50,1,1,0,0,1.0,1.0,1.0,0,0,0,0,0,0,1.0
PigAirwayPressure_normal_49,50,1,1,0,0,1.0,1.0,1.0,0,0,0,0,0,0,1.0
PigAirwayPressure_normal_5,50,1,0,1,1,0.0,0.0,0.0,0,0,0,0,0,0,0.0
PigAirwayPressure_normal_50,50,0,0,0,1,0.0,0.0,0.0,1,0,1,0,0,0,0.0
PigAirwayPressure_normal_51,50,1,1,0,0,1.0,1.0,1.0,0,0,0,0,0,0,1.0
PigAirwayPressure_normal_52,50,1,0,1,1,0.0,0.0,0.0,0,0,0,0,0,0,0.0
PigAirwayPressure_normal_6,50,1,0,1,1,0.0,0.0,0.0,0,0,0,0,0,0,0.0
PigAirwayPressure_normal_7,50,1,0,1,1,0.0,0.0,0.0,0,0,0,0,0,0,0.0
PigAirwayPressure_normal_8,50,1,1,0,0,1.0,1.0,1.0,0,0,0,0,0,0,1.0
PigAirwayPressure_normal_9,50,1,0,1,1,0.0,0.0,0.0,0,0,0,0,0,0,0.0
PigArtPressure_normal_1,50,1,1,0,0,1.0,1.0,1.0,0,0,0,0,0,0,1.0
PigArtPressure_normal_10,50,1,1,0,0,1.0,1.0,1.0,0,0,0,0,0,0,1.0
PigArtPressure_normal_11,50,1,1,0,0,1.0,1.0,1.0,0,0,0,0,0,0,1.0
PigArtPressure_normal_12,50,1,1,0,0,1.0,1.0,1.0,0,0,0,0,0,0,1.0
PigArtPressure_normal_13,50,1,1,0,0,1.0,1.0,1.0,0,0,0,0,0,0,1.0
PigArtPressure_normal_14,50,1,1,0,0,1.0,1.0,1.0,0,0,0,0,0,0,1.0
PigArtPressure_normal_15,50,1,1,0,0,1.0,1.0,1.0,0,0,0,0,0,0,1.0
PigArtPressure_normal_16,50,1,1,0,0,1.0,1.0,1.0,0,0,0,0,0,0,1.0
PigArtPressure_normal_17,50,1,1,0,0,1.0,1.0,1.0,0,0,0,0,0,0,1.0
PigArtPressure_normal_18,50,1,1,0,0,1.0,1.0,1.0,0,0,0,0,0,0,1.0
PigArtPressure_normal_19,50,1,1,0,0,1.0,1.0,1.0,0,0,0,0,0,0,1.0
PigArtPressure_normal_2,50,1,1,0,0,1.0,1.0,1.0,0,0,0,0,0,0,1.0
PigArtPressure_normal_20,50,1,1,0,0,1.0,1.0,1.0,0,0,0,0,0,0,1.0
PigArtPressure_normal_21,50,1,1,0,0,1.0,1.0,1.0,0,0,0,0,0,0,1.0
PigArtPressure_normal_22,50,1,1,0,0,1.0,1.0,1.0,0,0,0,0,0,0,1.0
PigArtPressure_normal_23,50,1,1,0,0,1.0,1.0,1.0,0,0,0,0,0,0,1.0
PigArtPressure_normal_24,50,1,1,0,0,1.0,1.0,1.0,0,0,0,0,0,0,1.0
PigArtPressure_normal_25,50,1,1,0,0,1.0,1.0,1.0,0,0,0,0,0,0,1.0
PigArtPressure_normal_26,50,1,1,0,0,1.0,1.0,1.0,0,0,0,0,0,0,1.0
PigArtPressure_normal_27,50,1,1,0,0,1.0,1.0,1.0,0,0,0,0,0,0,1.0
PigArtPressure_normal_28,50,1,1,0,0,1.0,1.0,1.0,0,0,0,0,0,0,1.0
PigArtPressure_normal_29,50,1,1,0,0,1.0,1.0,1.0,0,0,0,0,0,0,1.0
PigArtPressure_normal_3,50,1,1,0,0,1.0,1.0,1.0,0,0,0,0,0,0,1.0
PigArtPressure_normal_30,50,1,1,0,0,1.0,1.0,1.0,0,0,0,0,0,0,1.0
PigArtPressure_normal_31,50,1,1,0,0,1.0,1.0,1.0,0,0,0,0,0,0,1.0
PigArtPressure_normal_32,50,1,1,0,0,1.0,1.0,1.0,0,0,0,0,0,0,1.0
PigArtPressure_normal_33,50,1,1,0,0,1.0,1.0,1.0,0,0,0,0,0,0,1.0
PigArtPressure_normal_34,50,1,1,0,0,1.0,1.0,1.0,0,0,0,0,0,0,1.0
PigArtPressure_normal_35,50,1,1,0,0,1.0,1.0,1.0,0,0,0,0,0,0,1.0
PigArtPressure_normal_36,50,1,1,0,0,1.0,1.0,1.0,0,0,0,0,0,0,1.0
PigArtPressure_normal_37,50,1,1,0,0,1.0,1.0,1.0,0,0,0,0,0,0,1.0
PigArtPressure_normal_38,50,1,1,0,0,1.0,1.0,1.0,0,0,0,0,0,0,1.0
PigArtPressure_normal_39,50,1,1,0,0,1.0,1.0,1.0,0,0,0,0,0,0,1.0
PigArtPressure_normal_4,50,1,0,1,1,0.0,0.0,0.0,0,0,0,0,0,0,0.0
PigArtPressure_normal_40,50,1,1,0,0,1.0,1.0,1.0,0,0,0,0,0,0,1.0
PigArtPressure_normal_41,50,1,1,0,0,1.0,1.0,1.0,0,0,0,0,0,0,1.0
PigArtPressure_normal_42,50,1,1,0,0,1.0,1.0,1.0,0,0,0,0,0,0,1.0
PigArtPressure_normal_43,50,1,1,0,0,1.0,1.0,1.0,0,0,0,0,0,0,1.0
PigArtPressure_normal_44,50,1,1,0,0,1.0,1.0,1.0,0,0,0,0,0,0,1.0
PigArtPressure_normal_45,50,1,1,0,0,1.0,1.0,1.0,0,0,0,0,0,0,1.0
PigArtPressure_normal_46,50,1,1,0,0,1.0,1.0,1.0,0,0,0,0,0,0,1.0
PigArtPressure_normal_47,50,1,1,0,0,1.0,1.0,1.0,0,0,0,0,0,0,1.0
PigArtPressure_normal_48,50,1,1,0,0,1.0,1.0,1.0,0,0,0,0,0,0,1.0
PigArtPressure_normal_49,50,1,1,0,0,1.0,1.0,1.0,0,0,0,0,0,0,1.0
PigArtPressure_normal_5,50,1,1,0,0,1.0,1.0,1.0,0,0,0,0,0,0,1.0
PigArtPressure_normal_50,50,1,1,0,0,1.0,1.0,1.0,0,0,0,0,0,0,1.0
PigArtPressure_normal_51,50,1,1,0,0,1.0,1.0,1.0,0,0,0,0,0,0,1.0
PigArtPressure_normal_52,50,1,1,0,0,1.0,1.0,1.0,0,0,0,0,0,0,1.0
PigArtPressure_normal_6,50,1,1,0,0,1.0,1.0,1.0,0,0,0,0,0,0,1.0
PigArtPressure_normal_7,50,1,1,0,0,1.0,1.0,1.0,0,0,0,0,0,0,1.0
PigArtPressure_normal_8,50,1,1,0,0,1.0,1.0,1.0,0,0,0,0,0,0,1.0
PigArtPressure_normal_9,50,1,1,0,0,1.0,1.0,1.0,0,0,0,0,0,0,1.0
PigCVP_normal_1,50,1,1,0,0,1.0,1.0,1.0,0,0,0,0,0,0,1.0
PigCVP_normal_10,50,1,1,0,0,1.0,1.0,1.0,0,0,0,0,0,0,1.0
PigCVP_normal_11,50,1,1,0,0,1.0,1.0,1.0,0,0,0,0,0,0,1.0
PigCVP_normal_12,50,1,1,0,0,1.0,1.0,1.0,0,0,0,0,0,0,1.0
PigCVP_normal_13,50,1,1,0,0,1.0,1.0,1.0,0,0,0,0,0,0,1.0
PigCVP_normal_14,50,1,1,0,0,1.0,1.0,1.0,0,0,0,0,0,0,1.0
PigCVP_normal_15,50,1,1,0,0,1.0,1.0,1.0,0,0,0,0,0,0,1.0
PigCVP_normal_16,50,1,1,0,0,1.0,1.0,1.0,0,0,0,0,0,0,1.0
PigCVP_normal_17,50,1,1,0,0,1.0,1.0,1.0,0,0,0,0,0,0,1.0
PigCVP_normal_18,50,1,1,0,0,1.0,1.0,1.0,0,0,0,0,0,0,1.0
PigCVP_normal_19,50,1,1,0,0,1.0,1.0,1.0,0,0,0,0,0,0,1.0
PigCVP_normal_2,50,1,1,0,0,1.0,1.0,1.0,0,0,0,0,0,0,1.0
PigCVP_normal_20,50,1,1,0,0,1.0,1.0,1.0,0,0,0,0,0,0,1.0
PigCVP_normal_21,50,1,1,0,0,1.0,1.0,1.0,0,0,0,0,0,0,1.0
PigCVP_normal_22,50,1,1,0,0,1.0,1.0,1.0,0,0,0,0,0,0,1.0
PigCVP_normal_23,50,1,0,1,1,0.0,0.0,0.0,0,0,0,0,0,0,0.0
PigCVP_normal_24,50,0,0,0,1,0.0,0.0,0.0,1,1,0,0,0,0,1.0
PigCVP_normal_25,50,1,1,0,0,1.0,1.0,1.0,0,0,0,0,0,0,1.0
PigCVP_normal_26,50,1,0,1,1,0.0,0.0,0.0,0,0,0,0,0,0,0.0
PigCVP_normal_27,50,1,1,0,0,1.0,1.0,1.0,0,0,0,0,0,0,1.0
PigCVP_normal_28,50,1,1,0,0,1.0,1.0,1.0,0,0,0,0,0,0,1.0
PigCVP_normal_29,50,1,1,0,0,1.0,1.0,1.0,0,0,0,0,0,0,1.0
PigCVP_normal_3,50,1,1,0,0,1.0,1.0,1.0,0,0,0,0,0,0,1.0
PigCVP_normal_30,50,1,1,0,0,1.0,1.0,1.0,0,0,0,0,0,0,1.0
PigCVP_normal_31,50,1,1,0,0,1.0,1.0,1.0,0,0,0,0,0,0,1.0
PigCVP_normal_32,50,1,1,0,0,1.0,1.0,1.0,0,0,0,0,0,0,1.0
PigCVP_normal_33,50,1,1,0,0,1.0,1.0,1.0,0,0,0,0,0,0,1.0
PigCVP_normal_34,50,1,1,0,0,1.0,1.0,1.0,0,0,0,0,0,0,1.0
PigCVP_normal_35,50,1,1,0,0,1.0,1.0,1.0,0,0,0,0,0,0,1.0
PigCVP_normal_36,50,1,1,0,0,1.0,1.0,1.0,0,0,0,0,0,0,1.0
PigCVP_normal_37,50,0,0,0,1,0.0,0.0,0.0,1,1,0,0,0,0,1.0
PigCVP_normal_38,50,1,0,1,1,0.0,0.0,0.0,0,0,0,0,0,0,0.0
PigCVP_normal_39,50,1,1,0,0,1.0,1.0,1.0,0,0,0,0,0,0,1.0
PigCVP_normal_4,50,1,1,0,0,1.0,1.0,1.0,0,0,0,0,0,0,1.0
PigCVP_normal_40,50,1,1,0,0,1.0,1.0,1.0,0,0,0,0,0,0,1.0
PigCVP_normal_41,50,1,1,0,0,1.0,1.0,1.0,0,0,0,0,0,0,1.0
PigCVP_normal_42,50,0,0,0,1,0.0,0.0,0.0,1,0,1,0,0,0,0.0
PigCVP_normal_43,50,1,1,0,0,1.0,1.0,1.0,0,0,0,0,0,0,1.0
PigCVP_normal_44,50,1,1,0,0,1.0,1.0,1.0,0,0,0,0,0,0,1.0
PigCVP_normal_45,50,1,1,0,0,1.0,1.0,1.0,0,0,0,0,0,0,1.0
PigCVP_normal_46,50,1,1,0,0,1.0,1.0,1.0,0,0,0,0,0,0,1.0
PigCVP_normal_47,50,1,1,0,0,1.0,1.0,1.0,0,0,0,0,0,0,1.0
PigCVP_normal_48,50,1,1,0,0,1.0,1.0,1.0,0,0,0,0,0,0,1.0
PigCVP_normal_49,50,1,1,0,0,1.0,1.0,1.0,0,0,0,0,0,0,1.0
PigCVP_normal_5,50,1,1,0,0,1.0,1.0,1.0,0,0,0,0,0,0,1.0
PigCVP_normal_50,50,1,0,1,1,0.0,0.0,0.0,0,0,0,0,0,0,0.0
PigCVP_normal_51,50,0,0,0,1,0.0,0.0,0.0,1,0,1,0,0,0,0.0
PigCVP_normal_52,50,1,1,0,0,1.0,1.0,1.0,0,0,0,0,0,0,1.0
PigCVP_normal_6,50,1,0,1,1,0.0,0.0,0.0,0,0,0,0,0,0,0.0
PigCVP_normal_7,50,1,1,0,0,1.0,1.0,1.0,0,0,0,0,0,0,1.0
PigCVP_normal_8,50,1,1,0,0,1.0,1.0,1.0,0,0,0,0,0,0,1.0
PigCVP_normal_9,50,1,1,0,0,1.0,1.0,1.0,0,0,0,0,0,0,1.0
Plane_normal_1,50,1,1,0,0,1.0,1.0,1.0,0,0,0,0,0,0,1.0
Plane_normal_2,50,1,0,1,1,0.0,0.0,0.0,0,0,0,0,0,0,0.0
Plane_normal_3,50,1,1,0,0,1.0,1.0,1.0,0,0,0,0,0,0,1.0
Plane_normal_4,50,1,1,0,0,1.0,1.0,1.0,0,0,0,0,0,0,1.0
Plane_normal_5,50,1,1,0,0,1.0,1.0,1.0,0,0,0,0,0,0,1.0
Plane_normal_6,50,1,1,0,0,1.0,1.0,1.0,0,0,0,0,0,0,1.0
Plane_normal_7,50,1,1,0,0,1.0,1.0,1.0,0,0,0,0,0,0,1.0
PowerCons_normal_1,150,0,0,0,3,0.0,0.0,0.0,3,2,1,0,0,0,0.6666666666666666
PowerCons_normal_2,150,2,2,0,1,1.0,0.6666666666666666,0.8,1,0,1,0,0,0,0.6666666666666666
ProximalPhalanxOutlineAgeGroup_normal_1,50,1,0,1,1,0.0,0.0,0.0,0,0,0,0,0,0,0.0
ProximalPhalanxOutlineAgeGroup_normal_2,200,1,1,0,3,1.0,0.25,0.4,0,0,0,0,0,0,0.4
ProximalPhalanxOutlineAgeGroup_normal_3,250,0,0,0,5,0.0,0.0,0.0,4,3,1,0,0,0,0.6666666666666666
ProximalPhalanxOutlineCorrect_normal_0,250,1,0,1,5,0.0,0.0,0.0,2,0,2,0,0,0,0.0
ProximalPhalanxOutlineCorrect_normal_1,600,5,2,3,10,0.4,0.16666666666666666,0.23529411764705882,2,2,0,0,0,0,0.42105263157894735
ProximalPhalanxTW_normal_3,50,1,1,0,0,1.0,1.0,1.0,0,0,0,0,0,0,1.0
ProximalPhalanxTW_normal_4,150,3,3,0,0,1.0,1.0,1.0,0,0,0,0,0,0,1.0
ProximalPhalanxTW_normal_5,100,2,2,0,0,1.0,1.0,1.0,0,0,0,0,0,0,1.0
ProximalPhalanxTW_normal_6,50,0,0,0,1,0.0,0.0,0.0,1,0,1,0,0,0,0.0
ProximalPhalanxTW_normal_7,50,0,0,0,1,0.0,0.0,0.0,1,0,1,0,0,0,0.0
ProximalPhalanxTW_normal_8,250,5,5,0,0,1.0,1.0,1.0,0,0,0,0,0,0,1.0
RefrigerationDevices_normal_1,250,1,1,0,4,1.0,0.2,0.3333333333333333,2,1,1,0,0,0,0.5
RefrigerationDevices_normal_2,250,3,1,2,4,0.3333333333333333,0.2,0.25,0,0,0,0,0,0,0.25
RefrigerationDevices_normal_3,250,1,0,1,5,0.0,0.0,0.0,3,1,2,0,0,0,0.2222222222222222
Rock_normal_1,50,0,0,0,1,0.0,0.0,0.0,1,0,1,0,0,0,0.0
Rock_normal_2,50,1,1,0,0,1.0,1.0,1.0,0,0,0,0,0,0,1.0
Rock_normal_3,50,1,1,0,0,1.0,1.0,1.0,0,0,0,0,0,0,1.0
Rock_normal_4,50,0,0,0,1,0.0,0.0,0.0,1,0,1,0,0,0,0.0
ScreenType_normal_1,250,1,0,1,5,0.0,0.0,0.0,1,0,1,0,0,0,0.0
ScreenType_normal_2,250,2,0,2,5,0.0,0.0,0.0,3,2,1,0,0,0,0.4
ScreenType_normal_3,250,1,0,1,5,0.0,0.0,0.0,2,1,1,0,0,0,0.25
SemgHandGenderCh2_normal_1,550,5,4,1,7,0.8,0.36363636363636365,0.5,0,0,0,0,0,0,0.5
SemgHandGenderCh2_normal_2,350,3,1,2,6,0.3333333333333333,0.14285714285714285,0.2,0,0,0,0,0,0,0.2
SemgHandMovementCh2_normal_1,150,1,1,0,2,1.0,0.3333333333333333,0.5,0,0,0,0,0,0,0.5
SemgHandMovementCh2_normal_2,150,1,1,0,2,1.0,0.3333333333333333,0.5,0,0,0,0,0,0,0.5
SemgHandMovementCh2_normal_3,150,2,2,0,1,1.0,0.6666666666666666,0.8,0,0,0,0,0,0,0.8
SemgHandMovementCh2_normal_4,150,1,1,0,2,1.0,0.3333333333333333,0.5,1,1,0,0,0,0,0.8
SemgHandMovementCh2_normal_5,150,0,0,0,3,0.0,0.0,0.0,1,0,1,0,0,0,0.0
SemgHandMovementCh2_normal_6,150,1,1,0,2,1.0,0.3333333333333333,0.5,1,1,0,0,0,0,0.8
SemgHandSubjectCh2_normal_1,150,1,1,0,2,1.0,0.3333333333333333,0.5,2,0,2,0,0,0,0.3333333333333333
SemgHandSubjectCh2_normal_2,150,2,2,0,1,1.0,0.6666666666666666,0.8,0,0,0,0,0,0,0.8
SemgHandSubjectCh2_normal_3,150,2,2,0,1,1.0,0.6666666666666666,0.8,0,0,0,0,0,0,0.8
SemgHandSubjectCh2_normal_4,150,1,1,0,2,1.0,0.3333333333333333,0.5,1,0,1,0,0,0,0.4
SemgHandSubjectCh2_normal_5,150,3,2,1,1,0.6666666666666666,0.6666666666666666,0.6666666666666666,0,0,0,0,0,0,0.6666666666666666
ShakeGestureWiimoteZ_normal_1,50,1,1,0,0,1.0,1.0,1.0,0,0,0,0,0,0,1.0
ShakeGestureWiimoteZ_normal_10,50,1,1,0,0,1.0,1.0,1.0,0,0,0,0,0,0,1.0
ShakeGestureWiimoteZ_normal_2,50,1,1,0,0,1.0,1.0,1.0,0,0,0,0,0,0,1.0
ShakeGestureWiimoteZ_normal_3,50,1,1,0,0,1.0,1.0,1.0,0,0,0,0,0,0,1.0
ShakeGestureWiimoteZ_normal_4,50,1,1,0,0,1.0,1.0,1.0,0,0,0,0,0,0,1.0
ShakeGestureWiimoteZ_normal_5,50,1,1,0,0,1.0,1.0,1.0,0,0,0,0,0,0,1.0
ShakeGestureWiimoteZ_normal_6,50,1,1,0,0,1.0,1.0,1.0,0,0,0,0,0,0,1.0
ShakeGestureWiimoteZ_normal_7,50,1,1,0,0,1.0,1.0,1.0,0,0,0,0,0,0,1.0
ShakeGestureWiimoteZ_normal_8,50,1,1,0,0,1.0,1.0,1.0,0,0,0,0,0,0,1.0
ShakeGestureWiimoteZ_normal_9,50,1,1,0,0,1.0,1.0,1.0,0,0,0,0,0,0,1.0
ShapeletSim_normal_0,100,0,0,0,2,0.0,0.0,0.0,1,0,1,0,0,0,0.0
ShapeletSim_normal_1,100,1,0,1,2,0.0,0.0,0.0,0,0,0,0,0,0,0.0
ShapesAll_normal_1,50,1,1,0,0,1.0,1.0,1.0,0,0,0,0,0,0,1.0
ShapesAll_normal_10,50,1,1,0,0,1.0,1.0,1.0,0,0,0,0,0,0,1.0
ShapesAll_normal_11,50,1,1,0,0,1.0,1.0,1.0,0,0,0,0,0,0,1.0
ShapesAll_normal_12,50,1,1,0,0,1.0,1.0,1.0,0,0,0,0,0,0,1.0
ShapesAll_normal_13,50,1,1,0,0,1.0,1.0,1.0,0,0,0,0,0,0,1.0
ShapesAll_normal_14,50,1,1,0,0,1.0,1.0,1.0,0,0,0,0,0,0,1.0
ShapesAll_normal_15,50,1,1,0,0,1.0,1.0,1.0,0,0,0,0,0,0,1.0
ShapesAll_normal_16,50,1,1,0,0,1.0,1.0,1.0,0,0,0,0,0,0,1.0
ShapesAll_normal_17,50,1,1,0,0,1.0,1.0,1.0,0,0,0,0,0,0,1.0
ShapesAll_normal_18,50,1,1,0,0,1.0,1.0,1.0,0,0,0,0,0,0,1.0
ShapesAll_normal_19,50,0,0,0,1,0.0,0.0,0.0,1,1,0,0,0,0,1.0
ShapesAll_normal_2,50,0,0,0,1,0.0,0.0,0.0,1,1,0,0,0,0,1.0
ShapesAll_normal_20,50,1,1,0,0,1.0,1.0,1.0,0,0,0,0,0,0,1.0
ShapesAll_normal_21,50,1,1,0,0,1.0,1.0,1.0,0,0,0,0,0,0,1.0
ShapesAll_normal_22,50,1,1,0,0,1.0,1.0,1.0,0,0,0,0,0,0,1.0
ShapesAll_normal_23,50,1,1,0,0,1.0,1.0,1.0,0,0,0,0,0,0,1.0
ShapesAll_normal_24,50,1,1,0,0,1.0,1.0,1.0,0,0,0,0,0,0,1.0
ShapesAll_normal_25,50,1,0,1,1,0.0,0.0,0.0,0,0,0,0,0,0,0.0
ShapesAll_normal_26,50,1,1,0,0,1.0,1.0,1.0,0,0,0,0,0,0,1.0
ShapesAll_normal_27,50,1,1,0,0,1.0,1.0,1.0,0,0,0,0,0,0,1.0
ShapesAll_normal_28,50,1,1,0,0,1.0,1.0,1.0,0,0,0,0,0,0,1.0
ShapesAll_normal_29,50,1,1,0,0,1.0,1.0,1.0,0,0,0,0,0,0,1.0
ShapesAll_normal_3,50,1,1,0,0,1.0,1.0,1.0,0,0,0,0,0,0,1.0
ShapesAll_normal_30,50,1,1,0,0,1.0,1.0,1.0,0,0,0,0,0,0,1.0
ShapesAll_normal_31,50,1,1,0,0,1.0,1.0,1.0,0,0,0,0,0,0,1.0
ShapesAll_normal_32,50,1,1,0,0,1.0,1.0,1.0,0,0,0,0,0,0,1.0
ShapesAll_normal_33,50,1,1,0,0,1.0,1.0,1.0,0,0,0,0,0,0,1.0
ShapesAll_normal_34,50,1,1,0,0,1.0,1.0,1.0,0,0,0,0,0,0,1.0
ShapesAll_normal_35,50,1,1,0,0,1.0,1.0,1.0,0,0,0,0,0,0,1.0
ShapesAll_normal_36,50,0,0,0,1,0.0,0.0,0.0,1,1,0,0,0,0,1.0
ShapesAll_normal_37,50,1,1,0,0,1.0,1.0,1.0,0,0,0,0,0,0,1.0
ShapesAll_normal_38,50,1,1,0,0,1.0,1.0,1.0,0,0,0,0,0,0,1.0
ShapesAll_normal_39,50,1,1,0,0,1.0,1.0,1.0,0,0,0,0,0,0,1.0
ShapesAll_normal_4,50,1,1,0,0,1.0,1.0,1.0,0,0,0,0,0,0,1.0
ShapesAll_normal_40,50,1,1,0,0,1.0,1.0,1.0,0,0,0,0,0,0,1.0
ShapesAll_normal_41,50,0,0,0,1,0.0,0.0,0.0,1,1,0,0,0,0,1.0
ShapesAll_normal_42,50,1,1,0,0,1.0,1.0,1.0,0,0,0,0,0,0,1.0
ShapesAll_normal_43,50,0,0,0,1,0.0,0.0,0.0,1,1,0,0,0,0,1.0
ShapesAll_normal_44,50,1,1,0,0,1.0,1.0,1.0,0,0,0,0,0,0,1.0
ShapesAll_normal_45,50,1,1,0,0,1.0,1.0,1.0,0,0,0,0,0,0,1.0
ShapesAll_normal_46,50,1,1,0,0,1.0,1.0,1.0,0,0,0,0,0,0,1.0
ShapesAll_normal_47,50,1,1,0,0,1.0,1.0,1.0,0,0,0,0,0,0,1.0
ShapesAll_normal_48,50,0,0,0,1,0.0,0.0,0.0,1,0,1,0,0,0,0.0
ShapesAll_normal_49,50,0,0,0,1,0.0,0.0,0.0,1,1,0,0,0,0,1.0
ShapesAll_normal_5,50,1,1,0,0,1.0,1.0,1.0,0,0,0,0,0,0,1.0
ShapesAll_normal_50,50,1,1,0,0,1.0,1.0,1.0,0,0,0,0,0,0,1.0
ShapesAll_normal_51,50,1,1,0,0,1.0,1.0,1.0,0,0,0,0,0,0,1.0
ShapesAll_normal_52,50,1,1,0,0,1.0,1.0,1.0,0,0,0,0,0,0,1.0
ShapesAll_normal_53,50,1,1,0,0,1.0,1.0,1.0,0,0,0,0,0,0,1.0
ShapesAll_normal_54,50,1,1,0,0,1.0,1.0,1.0,0,0,0,0,0,0,1.0
ShapesAll_normal_55,50,0,0,0,1,0.0,0.0,0.0,1,1,0,0,0,0,1.0
ShapesAll_normal_56,50,1,1,0,0,1.0,1.0,1.0,0,0,0,0,0,0,1.0
ShapesAll_normal_57,50,1,0,1,1,0.0,0.0,0.0,0,0,0,0,0,0,0.0
ShapesAll_normal_58,50,1,1,0,0,1.0,1.0,1.0,0,0,0,0,0,0,1.0
ShapesAll_normal_59,50,1,1,0,0,1.0,1.0,1.0,0,0,0,0,0,0,1.0
ShapesAll_normal_6,50,1,1,0,0,1.0,1.0,1.0,0,0,0,0,0,0,1.0
ShapesAll_normal_60,50,1,1,0,0,1.0,1.0,1.0,0,0,0,0,0,0,1.0
ShapesAll_normal_7,50,1,1,0,0,1.0,1.0,1.0,0,0,0,0,0,0,1.0
ShapesAll_normal_8,50,0,0,0,1,0.0,0.0,0.0,1,1,0,0,0,0,1.0
ShapesAll_normal_9,50,1,1,0,0,1.0,1.0,1.0,0,0,0,0,0,0,1.0
SmallKitchenAppliances_normal_1,250,3,2,1,3,0.6666666666666666,0.4,0.5,0,0,0,0,0,0,0.5
SmallKitchenAppliances_normal_2,250,3,0,3,5,0.0,0.0,0.0,2,0,2,0,0,0,0.0
SmallKitchenAppliances_normal_3,250,1,1,0,4,1.0,0.2,0.3333333333333333,2,1,1,0,0,0,0.5
SmoothSubspace_normal_1,100,1,1,0,1,1.0,0.5,0.6666666666666666,0,0,0,0,0,0,0.6666666666666666
SmoothSubspace_normal_2,100,0,0,0,2,0.0,0.0,0.0,1,1,0,0,0,0,0.6666666666666666
SmoothSubspace_normal_3,100,1,1,0,1,1.0,0.5,0.6666666666666666,0,0,0,0,0,0,0.6666666666666666
SonyAIBORobotSurface1_normal_1,350,1,1,0,6,1.0,0.14285714285714285,0.25,1,0,1,0,0,0,0.2222222222222222
SonyAIBORobotSurface1_normal_2,250,4,3,1,2,0.75,0.6,0.6666666666666666,0,0,0,0,0,0,0.6666666666666666
SonyAIBORobotSurface2_normal_1,350,2,1,1,6,0.5,0.14285714285714285,0.2222222222222222,4,1,3,0,0,0,0.3076923076923077
SonyAIBORobotSurface2_normal_2,600,7,7,0,5,1.0,0.5833333333333334,0.7368421052631579,2,2,0,0,0,0,0.8571428571428571
StarLightCurves_normal_1,1350,14,12,2,15,0.8571428571428571,0.4444444444444444,0.5853658536585366,5,1,4,0,0,0,0.5652173913043478
StarLightCurves_normal_2,2600,41,41,0,11,1.0,0.7884615384615384,0.8817204301075269,0,0,0,0,0,0,0.8817204301075269
StarLightCurves_normal_3,5400,80,71,9,37,0.8875,0.6574074074074074,0.7553191489361702,7,0,7,0,0,0,0.7282051282051282
Strawberry_normal_1,350,5,5,0,2,1.0,0.7142857142857143,0.8333333333333334,2,1,1,0,0,0,0.8571428571428571
Strawberry_normal_2,600,1,0,1,12,0.0,0.0,0.0,4,2,2,0,0,0,0.23529411764705882
SwedishLeaf_normal_1,50,1,1,0,0,1.0,1.0,1.0,0,0,0,0,0,0,1.0
SwedishLeaf_normal_10,50,1,1,0,0,1.0,1.0,1.0,0,0,0,0,0,0,1.0
SwedishLeaf_normal_11,50,1,1,0,0,1.0,1.0,1.0,0,0,0,0,0,0,1.0
SwedishLeaf_normal_12,50,1,1,0,0,1.0,1.0,1.0,0,0,0,0,0,0,1.0
SwedishLeaf_normal_13,50,1,1,0,0,1.0,1.0,1.0,0,0,0,0,0,0,1.0
SwedishLeaf_normal_14,50,1,1,0,0,1.0,1.0,1.0,0,0,0,0,0,0,1.0
SwedishLeaf_normal_15,50,1,1,0,0,1.0,1.0,1.0,0,0,0,0,0,0,1.0
SwedishLeaf_normal_2,50,1,1,0,0,1.0,1.0,1.0,0,0,0,0,0,0,1.0
SwedishLeaf_normal_3,50,1,1,0,0,1.0,1.0,1.0,0,0,0,0,0,0,1.0
SwedishLeaf_normal_4,50,1,1,0,0,1.0,1.0,1.0,0,0,0,0,0,0,1.0
SwedishLeaf_normal_5,50,0,0,0,1,0.0,0.0,0.0,1,0,1,1,1,0,0.6666666666666666
SwedishLeaf_normal_6,50,0,0,0,1,0.0,0.0,0.0,1,0,1,0,0,0,0.0
SwedishLeaf_normal_7,50,1,1,0,0,1.0,1.0,1.0,0,0,0,0,0,0,1.0
SwedishLeaf_normal_8,50,1,1,0,0,1.0,1.0,1.0,0,0,0,0,0,0,1.0
SwedishLeaf_normal_9,50,1,1,0,0,1.0,1.0,1.0,0,0,0,0,0,0,1.0
Symbols_normal_1,150,3,3,0,0,1.0,1.0,1.0,0,0,0,0,0,0,1.0
Symbols_normal_2,150,3,3,0,0,1.0,1.0,1.0,0,0,0,0,0,0,1.0
Symbols_normal_3,150,3,2,1,1,0.6666666666666666,0.6666666666666666,0.6666666666666666,0,0,0,0,0,0,0.6666666666666666
Symbols_normal_4,150,3,3,0,0,1.0,1.0,1.0,0,0,0,0,0,0,1.0
Symbols_normal_5,150,3,3,0,0,1.0,1.0,1.0,0,0,0,0,0,0,1.0
Symbols_normal_6,150,2,2,0,1,1.0,0.6666666666666666,0.8,1,1,0,0,0,0,1.0
SyntheticControl_normal_1,100,2,2,0,0,1.0,1.0,1.0,0,0,0,0,0,0,1.0
SyntheticControl_normal_2,100,2,2,0,0,1.0,1.0,1.0,0,0,0,0,0,0,1.0
SyntheticControl_normal_3,100,1,1,0,1,1.0,0.5,0.6666666666666666,0,0,0,0,0,0,0.6666666666666666
SyntheticControl_normal_4,100,2,2,0,0,1.0,1.0,1.0,0,0,0,0,0,0,1.0
SyntheticControl_normal_5,100,1,1,0,1,1.0,0.5,0.6666666666666666,1,0,1,0,0,0,0.5
SyntheticControl_normal_6,100,1,1,0,1,1.0,0.5,0.6666666666666666,0,0,0,0,0,0,0.6666666666666666
ToeSegmentation1_normal_0,100,2,1,1,1,0.5,0.5,0.5,1,1,0,0,0,0,0.8
ToeSegmentation1_normal_1,100,0,0,0,2,0.0,0.0,0.0,3,1,2,0,0,0,0.4
ToeSegmentation2_normal_0,100,1,1,0,1,1.0,0.5,0.6666666666666666,0,0,0,0,0,0,0.6666666666666666
ToeSegmentation2_normal_1,50,1,0,1,1,0.0,0.0,0.0,0,0,0,0,0,0,0.0
Trace_normal_1,50,1,1,0,0,1.0,1.0,1.0,0,0,0,0,0,0,1.0
Trace_normal_2,50,1,1,0,0,1.0,1.0,1.0,0,0,0,0,0,0,1.0
Trace_normal_3,50,1,1,0,0,1.0,1.0,1.0,0,0,0,0,0,0,1.0
Trace_normal_4,50,1,1,0,0,1.0,1.0,1.0,0,0,0,0,0,0,1.0
TwoLeadECG_normal_1,550,10,9,1,2,0.9,0.8181818181818182,0.8571428571428571,0,0,0,0,0,0,0.8571428571428571
TwoLeadECG_normal_2,550,8,7,1,4,0.875,0.6363636363636364,0.7368421052631579,0,0,0,0,0,0,0.7368421052631579
TwoPatterns_normal_1,1300,4,3,1,23,0.75,0.11538461538461539,0.2,1,0,1,0,0,0,0.1935483870967742
TwoPatterns_normal_2,1250,4,4,0,21,1.0,0.16,0.27586206896551724,0,0,0,0,0,0,0.27586206896551724
TwoPatterns_normal_3,1250,7,7,0,18,1.0,0.28,0.4375,0,0,0,0,0,0,0.4375
TwoPatterns_normal_4,1200,2,1,1,23,0.5,0.041666666666666664,0.07692307692307693,0,0,0,0,0,0,0.07692307692307693
UMD_normal_1,50,0,0,0,1,0.0,0.0,0.0,1,0,1,0,0,0,0.0
UMD_normal_2,50,1,1,0,0,1.0,1.0,1.0,0,0,0,0,0,0,1.0
UMD_normal_3,50,0,0,0,1,0.0,0.0,0.0,1,0,1,0,0,0,0.0
UWaveGestureLibraryAll_normal_1,550,6,6,0,5,1.0,0.5454545454545454,0.7058823529411765,5,4,1,0,0,0,0.9090909090909091
UWaveGestureLibraryAll_normal_2,550,9,9,0,2,1.0,0.8181818181818182,0.9,1,0,1,0,0,0,0.8571428571428571
UWaveGestureLibraryAll_normal_3,550,1,1,0,10,1.0,0.09090909090909091,0.16666666666666666,2,2,0,0,0,0,0.42857142857142855
UWaveGestureLibraryAll_normal_4,550,5,5,0,6,1.0,0.45454545454545453,0.625,2,1,1,0,0,0,0.6666666666666666
UWaveGestureLibraryAll_normal_5,550,8,7,1,4,0.875,0.6363636363636364,0.7368421052631579,1,0,1,0,0,0,0.7
UWaveGestureLibraryAll_normal_6,550,6,3,3,8,0.5,0.2727272727272727,0.35294117647058826,2,2,0,0,0,0,0.5263157894736842
UWaveGestureLibraryAll_normal_7,550,7,7,0,4,1.0,0.6363636363636364,0.7777777777777778,0,0,0,0,0,0,0.7777777777777778
UWaveGestureLibraryAll_normal_8,550,11,9,2,2,0.8181818181818182,0.8181818181818182,0.8181818181818182,0,0,0,0,0,0,0.8181818181818182
UWaveGestureLibraryX_normal_1,550,4,2,2,9,0.5,0.18181818181818182,0.26666666666666666,5,4,1,0,0,0,0.6
UWaveGestureLibraryX_normal_2,550,10,10,0,1,1.0,0.9090909090909091,0.9523809523809523,0,0,0,0,0,0,0.9523809523809523
UWaveGestureLibraryX_normal_3,550,10,10,0,1,1.0,0.9090909090909091,0.9523809523809523,1,1,0,0,0,0,1.0
UWaveGestureLibraryX_normal_4,550,6,5,1,6,0.8333333333333334,0.45454545454545453,0.5882352941176471,2,1,1,0,0,0,0.631578947368421
UWaveGestureLibraryX_normal_5,550,1,0,1,11,0.0,0.0,0.0,3,0,3,0,0,0,0.0
UWaveGestureLibraryX_normal_6,550,3,0,3,11,0.0,0.0,0.0,5,1,4,0,0,0,0.10526315789473684
UWaveGestureLibraryX_normal_7,550,10,8,2,3,0.8,0.7272727272727273,0.7619047619047619,2,2,0,0,0,0,0.8695652173913043
UWaveGestureLibraryX_normal_8,550,12,9,3,2,0.75,0.8181818181818182,0.782608695652174,0,0,0,0,0,0,0.782608695652174
UWaveGestureLibraryY_normal_1,550,8,7,1,4,0.875,0.6363636363636364,0.7368421052631579,1,1,0,0,0,0,0.8
UWaveGestureLibraryY_normal_2,550,8,8,0,3,1.0,0.7272727272727273,0.8421052631578947,0,0,0,0,0,0,0.8421052631578947
UWaveGestureLibraryY_normal_3,550,4,0,4,11,0.0,0.0,0.0,3,0,3,0,0,0,0.0
UWaveGestureLibraryY_normal_4,550,2,2,0,9,1.0,0.18181818181818182,0.3076923076923077,4,0,4,0,0,0,0.23529411764705882
UWaveGestureLibraryY_normal_5,550,7,7,0,4,1.0,0.6363636363636364,0.7777777777777778,2,1,1,0,0,0,0.8
UWaveGestureLibraryY_normal_6,550,9,6,3,5,0.6666666666666666,0.5454545454545454,0.6,1,0,1,0,0,0,0.5714285714285714
UWaveGestureLibraryY_normal_7,550,5,3,2,8,0.6,0.2727272727272727,0.375,2,1,1,0,0,0,0.4444444444444444
UWaveGestureLibraryY_normal_8,550,7,6,1,5,0.8571428571428571,0.5454545454545454,0.6666666666666666,0,0,0,0,0,0,0.6666666666666666
UWaveGestureLibraryZ_normal_1,550,4,4,0,7,1.0,0.36363636363636365,0.5333333333333333,3,3,0,0,0,0,0.7777777777777778
UWaveGestureLibraryZ_normal_2,550,11,10,1,1,0.9090909090909091,0.9090909090909091,0.9090909090909091,0,0,0,0,0,0,0.9090909090909091
UWaveGestureLibraryZ_normal_3,550,1,0,1,11,0.0,0.0,0.0,2,2,0,0,0,0,0.2857142857142857
UWaveGestureLibraryZ_normal_4,550,3,2,1,9,0.6666666666666666,0.18181818181818182,0.2857142857142857,3,0,3,0,0,0,0.23529411764705882
UWaveGestureLibraryZ_normal_5,550,10,10,0,1,1.0,0.9090909090909091,0.9523809523809523,1,1,0,0,0,0,1.0
UWaveGestureLibraryZ_normal_6,550,3,3,0,8,1.0,0.2727272727272727,0.42857142857142855,6,4,2,0,0,0,0.7
UWaveGestureLibraryZ_normal_7,550,9,8,1,3,0.8888888888888888,0.7272727272727273,0.8,0,0,0,0,0,0,0.8
UWaveGestureLibraryZ_normal_8,550,9,8,1,3,0.8888888888888888,0.7272727272727273,0.8,1,0,1,0,0,0,0.7619047619047619
Wafer_normal_-1,750,14,10,4,5,0.7142857142857143,0.6666666666666666,0.6896551724137931,1,1,0,0,0,0,0.7333333333333333
Wine_normal_1,50,1,0,1,1,0.0,0.0,0.0,0,0,0,0,0,0,0.0
Wine_normal_2,50,0,0,0,1,0.0,0.0,0.0,1,1,0,0,0,0,1.0
WordSynonyms_normal_1,50,0,0,0,1,0.0,0.0,0.0,1,0,1,0,0,0,0.0
WordSynonyms_normal_10,50,1,1,0,0,1.0,1.0,1.0,0,0,0,0,0,0,1.0
WordSynonyms_normal_11,50,1,1,0,0,1.0,1.0,1.0,0,0,0,0,0,0,1.0
WordSynonyms_normal_12,50,1,1,0,0,1.0,1.0,1.0,0,0,0,0,0,0,1.0
WordSynonyms_normal_13,50,1,1,0,0,1.0,1.0,1.0,0,0,0,0,0,0,1.0
WordSynonyms_normal_14,50,1,1,0,0,1.0,1.0,1.0,0,0,0,0,0,0,1.0
WordSynonyms_normal_15,50,1,0,1,1,0.0,0.0,0.0,0,0,0,0,0,0,0.0
WordSynonyms_normal_16,50,0,0,0,1,0.0,0.0,0.0,1,0,1,0,0,0,0.0
WordSynonyms_normal_17,50,1,1,0,0,1.0,1.0,1.0,0,0,0,0,0,0,1.0
WordSynonyms_normal_18,50,1,1,0,0,1.0,1.0,1.0,0,0,0,0,0,0,1.0
WordSynonyms_normal_19,50,0,0,0,1,0.0,0.0,0.0,1,0,1,0,0,0,0.0
WordSynonyms_normal_2,200,1,1,0,3,1.0,0.25,0.4,2,2,0,0,0,0,0.8571428571428571
WordSynonyms_normal_20,50,0,0,0,1,0.0,0.0,0.0,1,0,1,0,0,0,0.0
WordSynonyms_normal_21,50,1,1,0,0,1.0,1.0,1.0,0,0,0,0,0,0,1.0
WordSynonyms_normal_22,50,1,1,0,0,1.0,1.0,1.0,0,0,0,0,0,0,1.0
WordSynonyms_normal_23,50,0,0,0,1,0.0,0.0,0.0,1,1,0,0,0,0,1.0
WordSynonyms_normal_24,50,1,1,0,0,1.0,1.0,1.0,0,0,0,0,0,0,1.0
WordSynonyms_normal_25,50,1,0,1,1,0.0,0.0,0.0,0,0,0,0,0,0,0.0
WordSynonyms_normal_3,50,1,1,0,0,1.0,1.0,1.0,0,0,0,0,0,0,1.0
WordSynonyms_normal_4,100,0,0,0,2,0.0,0.0,0.0,1,1,0,0,0,0,0.6666666666666666
WordSynonyms_normal_5,50,1,1,0,0,1.0,1.0,1.0,0,0,0,0,0,0,1.0
WordSynonyms_normal_6,50,0,0,0,1,0.0,0.0,0.0,1,1,0,0,0,0,1.0
WordSynonyms_normal_7,50,1,1,0,0,1.0,1.0,1.0,0,0,0,0,0,0,1.0
WordSynonyms_normal_8,50,1,0,1,1,0.0,0.0,0.0,0,0,0,0,0,0,0.0
WordSynonyms_normal_9,50,0,0,0,1,0.0,0.0,0.0,1,1,0,0,0,0,1.0
WormsTwoClass_normal_1,100,1,0,1,2,0.0,0.0,0.0,0,0,0,0,0,0,0.0
WormsTwoClass_normal_2,150,0,0,0,3,0.0,0.0,0.0,1,0,1,0,0,0,0.0
Worms_normal_1,100,1,0,1,2,0.0,0.0,0.0,0,0,0,0,0,0,0.0
Worms_normal_2,50,0,0,0,1,0.0,0.0,0.0,1,1,0,0,0,0,1.0
Worms_normal_3,50,1,0,1,1,0.0,0.0,0.0,0,0,0,0,0,0,0.0
Worms_normal_4,50,1,1,0,0,1.0,1.0,1.0,0,0,0,0,0,0,1.0
Worms_normal_5,50,0,0,0,1,0.0,0.0,0.0,1,1,0,0,0,0,1.0
Yoga_normal_1,1550,1,0,1,31,0.0,0.0,0.0,1,1,0,0,0,0,0.06060606060606061
Yoga_normal_2,1800,6,3,3,33,0.5,0.08333333333333333,0.14285714285714285,5,0,5,0,0,0,0.1276595744680851
